"time","x_t","y_t","z_t","roll_t","pitch_t","yaw_t","q1","q2","q3","q4","q5","q6"
0,-0.572,-0.291,0.674,1.57,-6.18e-23,-1.11e-38,0,0,0,0,0,0
0.01,-0.572,-0.291,0.674,1.57,-6.18e-23,-1.11e-38,-2.396413446792124,-2.13172798860082,1.480170596868936,-0.9200352616054202,1.569621983115496,3.140796327047386
0.02,-0.572,-0.291,0.674,1.57,-6.18e-23,-1.11e-38,-2.396413446792124,-2.13172798860082,1.480170596868936,-0.9200352616054202,1.569621983115496,3.140796327047386
0.03,-0.572,-0.291,0.674,1.57,-6.18e-23,-1.11e-38,-2.396413446792124,-2.13172798860082,1.480170596868936,-0.9200352616054202,1.569621983115496,3.140796327047386
0.04,-0.572,-0.291,0.674,1.57,-6.18e-23,-1.11e-38,-2.396413446792124,-2.13172798860082,1.480170596868936,-0.9200352616054202,1.569621983115496,3.140796327047386
0.05,-0.572,-0.291,0.674,1.57,-6.18e-23,-1.11e-38,-2.396413446792124,-2.13172798860082,1.480170596868936,-0.9200352616054202,1.569621983115496,3.140796327047386
0.06,-0.572,-0.291,0.674,1.57,-6.18e-23,-1.11e-38,-2.396413446792124,-2.13172798860082,1.480170596868936,-0.9200352616054202,1.569621983115496,3.140796327047386
0.07000000000000001,-0.572,-0.291,0.674,1.57,-6.18e-23,-1.11e-38,-2.396413446792124,-2.13172798860082,1.480170596868936,-0.9200352616054202,1.569621983115496,3.140796327047386
0.08,-0.572,-0.291,0.674,1.57,-6.18e-23,-1.11e-38,-2.396413446792124,-2.13172798860082,1.480170596868936,-0.9200352616054202,1.569621983115496,3.140796327047386
0.09,-0.572,-0.291,0.674,1.57,-6.18e-23,-1.11e-38,-2.396413446792124,-2.13172798860082,1.480170596868936,-0.9200352616054202,1.569621983115496,3.140796327047386
0.1,-0.572,-0.291,0.674,1.57,-6.18e-23,-1.11e-38,-2.396413446792124,-2.13172798860082,1.480170596868936,-0.9200352616054202,1.569621983115496,3.140796327047386
0.11,-0.572,-0.291,0.674,1.57,-6.18e-23,-1.11e-38,-2.396413446792124,-2.13172798860082,1.480170596868936,-0.9200352616054202,1.569621983115496,3.140796327047386
0.12,-0.572,-0.291,0.674,1.57,-6.18e-23,-1.11e-38,-2.396413446792124,-2.13172798860082,1.480170596868936,-0.9200352616054202,1.569621983115496,3.140796327047386
0.13,-0.572,-0.291,0.674,1.57,-6.18e-23,-1.11e-38,-2.396413446792124,-2.13172798860082,1.480170596868936,-0.9200352616054202,1.569621983115496,3.140796327047386
0.14,-0.572,-0.291,0.674,1.57,-6.18e-23,-1.11e-38,-2.396413446792124,-2.13172798860082,1.480170596868936,-0.9200352616054202,1.569621983115496,3.140796327047386
0.15,-0.572,-0.291,0.674,1.57,-6.18e-23,-1.11e-38,-2.396413446792124,-2.13172798860082,1.480170596868936,-0.9200352616054202,1.569621983115496,3.140796327047386
0.16,-0.572,-0.291,0.674,1.57,-6.18e-23,-1.11e-38,-2.396413446792124,-2.13172798860082,1.480170596868936,-0.9200352616054202,1.569621983115496,3.140796327047386
0.17,-0.572,-0.291,0.674,1.57,-6.18e-23,-1.11e-38,-2.396413446792124,-2.13172798860082,1.480170596868936,-0.9200352616054202,1.569621983115496,3.140796327047386
0.18,-0.572,-0.291,0.674,1.57,-6.18e-23,-1.11e-38,-2.396413446792124,-2.13172798860082,1.480170596868936,-0.9200352616054202,1.569621983115496,3.140796327047386
0.19,-0.572,-0.291,0.674,1.57,-6.18e-23,-1.11e-38,-2.396413446792124,-2.13172798860082,1.480170596868936,-0.9200352616054202,1.569621983115496,3.140796327047386
0.2,-0.572,-0.291,0.674,1.57,-6.18e-23,-1.11e-38,-2.396413446792124,-2.13172798860082,1.480170596868936,-0.9200352616054202,1.569621983115496,3.140796327047386
0.21,-0.572,-0.291,0.674,1.57,-6.18e-23,-1.11e-38,-2.396413446792124,-2.13172798860082,1.480170596868936,-0.9200352616054202,1.569621983115496,3.140796327047386
0.22,-0.572,-0.291,0.674,1.57,-6.18e-23,-1.11e-38,-2.396413446792124,-2.13172798860082,1.480170596868936,-0.9200352616054202,1.569621983115496,3.140796327047386
0.23,-0.572,-0.291,0.674,1.57,-6.18e-23,-1.11e-38,-2.396413446792124,-2.13172798860082,1.480170596868936,-0.9200352616054202,1.569621983115496,3.140796327047386
0.24,-0.572,-0.291,0.674,1.57,-6.18e-23,-1.11e-38,-2.396413446792124,-2.13172798860082,1.480170596868936,-0.9200352616054202,1.569621983115496,3.140796327047386
0.25,-0.572,-0.291,0.674,1.57,-6.18e-23,-1.11e-38,-2.396413446792124,-2.13172798860082,1.480170596868936,-0.9200352616054202,1.569621983115496,3.140796327047386
0.26,-0.572,-0.291,0.674,1.57,-6.18e-23,-1.11e-38,-2.396413446792124,-2.13172798860082,1.480170596868936,-0.9200352616054202,1.569621983115496,3.140796327047386
0.27,-0.572,-0.291,0.674,1.57,-6.18e-23,-1.11e-38,-2.396413446792124,-2.13172798860082,1.480170596868936,-0.9200352616054202,1.569621983115496,3.140796327047386
0.28,-0.572,-0.291,0.674,1.57,-6.18e-23,-1.11e-38,-2.396413446792124,-2.13172798860082,1.480170596868936,-0.9200352616054202,1.569621983115496,3.140796327047386
0.29,-0.572,-0.291,0.674,1.57,-6.18e-23,-1.11e-38,-2.396413446792124,-2.13172798860082,1.480170596868936,-0.9200352616054202,1.569621983115496,3.140796327047386
0.3,-0.572,-0.291,0.674,1.57,-6.18e-23,-1.11e-38,-2.396413446792124,-2.13172798860082,1.480170596868936,-0.9200352616054202,1.569621983115496,3.140796327047386
0.31,-0.572,-0.291,0.674,1.57,-6.18e-23,-1.11e-38,-2.396413446792124,-2.13172798860082,1.480170596868936,-0.9200352616054202,1.569621983115496,3.140796327047386
0.32,-0.572,-0.291,0.674,1.57,-6.18e-23,-1.11e-38,-2.396413446792124,-2.13172798860082,1.480170596868936,-0.9200352616054202,1.569621983115496,3.140796327047386
0.33,-0.572,-0.291,0.674,1.57,-6.18e-23,-1.11e-38,-2.396413446792124,-2.13172798860082,1.480170596868936,-0.9200352616054202,1.569621983115496,3.140796327047386
0.34,-0.572,-0.291,0.674,1.57,-6.18e-23,-1.11e-38,-2.396413446792124,-2.13172798860082,1.480170596868936,-0.9200352616054202,1.569621983115496,3.140796327047386
0.35,-0.572,-0.291,0.674,1.57,-6.18e-23,-1.11e-38,-2.396413446792124,-2.13172798860082,1.480170596868936,-0.9200352616054202,1.569621983115496,3.140796327047386
0.36,-0.572,-0.291,0.674,1.57,-6.18e-23,-1.11e-38,-2.396413446792124,-2.13172798860082,1.480170596868936,-0.9200352616054202,1.569621983115496,3.140796327047386
0.37,-0.572,-0.291,0.674,1.57,-6.18e-23,-1.11e-38,-2.396413446792124,-2.13172798860082,1.480170596868936,-0.9200352616054202,1.569621983115496,3.140796327047386
0.38,-0.572,-0.291,0.674,1.57,-6.18e-23,-1.11e-38,-2.396413446792124,-2.13172798860082,1.480170596868936,-0.9200352616054202,1.569621983115496,3.140796327047386
0.39,-0.572,-0.291,0.674,1.57,-6.18e-23,-1.11e-38,-2.396413446792124,-2.13172798860082,1.480170596868936,-0.9200352616054202,1.569621983115496,3.140796327047386
0.4,-0.572,-0.291,0.674,1.57,-6.18e-23,-1.11e-38,-2.396413446792124,-2.13172798860082,1.480170596868936,-0.9200352616054202,1.569621983115496,3.140796327047386
0.41,-0.572,-0.291,0.674,1.57,-6.18e-23,-1.11e-38,-2.396413446792124,-2.13172798860082,1.480170596868936,-0.9200352616054202,1.569621983115496,3.140796327047386
0.42,-0.572,-0.291,0.674,1.57,-6.18e-23,-1.11e-38,-2.396413446792124,-2.13172798860082,1.480170596868936,-0.9200352616054202,1.569621983115496,3.140796327047386
0.43,-0.572,-0.291,0.674,1.57,-6.18e-23,-1.11e-38,-2.396413446792124,-2.13172798860082,1.480170596868936,-0.9200352616054202,1.569621983115496,3.140796327047386
0.44,-0.572,-0.291,0.674,1.57,-6.18e-23,-1.11e-38,-2.396413446792124,-2.13172798860082,1.480170596868936,-0.9200352616054202,1.569621983115496,3.140796327047386
0.45,-0.572,-0.291,0.674,1.57,-6.18e-23,-1.11e-38,-2.396413446792124,-2.13172798860082,1.480170596868936,-0.9200352616054202,1.569621983115496,3.140796327047386
0.46,-0.572,-0.291,0.674,1.57,-6.18e-23,-1.11e-38,-2.396413446792124,-2.13172798860082,1.480170596868936,-0.9200352616054202,1.569621983115496,3.140796327047386
0.47,-0.572,-0.291,0.674,1.57,-6.18e-23,-1.11e-38,-2.396413446792124,-2.13172798860082,1.480170596868936,-0.9200352616054202,1.569621983115496,3.140796327047386
0.48,-0.572,-0.291,0.674,1.57,-6.18e-23,-1.11e-38,-2.396413446792124,-2.13172798860082,1.480170596868936,-0.9200352616054202,1.569621983115496,3.140796327047386
0.49,-0.572,-0.291,0.674,1.57,-6.18e-23,-1.11e-38,-2.396413446792124,-2.13172798860082,1.480170596868936,-0.9200352616054202,1.569621983115496,3.140796327047386
0.5,-0.572,-0.291,0.674,1.57,-6.18e-23,-1.11e-38,-2.396413446792124,-2.13172798860082,1.480170596868936,-0.9200352616054202,1.569621983115496,3.140796327047386
0.51,-0.572,-0.291,0.674,1.57,-6.18e-23,-1.11e-38,-2.396413446792124,-2.13172798860082,1.480170596868936,-0.9200352616054202,1.569621983115496,3.140796327047386
0.52,-0.572,-0.291,0.674,1.57,-6.18e-23,-1.11e-38,-2.396413446792124,-2.13172798860082,1.480170596868936,-0.9200352616054202,1.569621983115496,3.140796327047386
0.53,-0.572,-0.291,0.674,1.57,-6.18e-23,-1.11e-38,-2.396413446792124,-2.13172798860082,1.480170596868936,-0.9200352616054202,1.569621983115496,3.140796327047386
0.54,-0.572,-0.291,0.674,1.57,-6.18e-23,-1.11e-38,-2.396413446792124,-2.13172798860082,1.480170596868936,-0.9200352616054202,1.569621983115496,3.140796327047386
0.55,-0.572,-0.291,0.674,1.57,-6.18e-23,-1.11e-38,-2.396413446792124,-2.13172798860082,1.480170596868936,-0.9200352616054202,1.569621983115496,3.140796327047386
0.5600000000000001,-0.572,-0.291,0.674,1.57,-6.18e-23,-1.11e-38,-2.396413446792124,-2.13172798860082,1.480170596868936,-0.9200352616054202,1.569621983115496,3.140796327047386
0.5700000000000001,-0.572,-0.291,0.674,1.57,-6.18e-23,-1.11e-38,-2.396413446792124,-2.13172798860082,1.480170596868936,-0.9200352616054202,1.569621983115496,3.140796327047386
0.58,-0.572,-0.291,0.674,1.57,-6.18e-23,-1.11e-38,-2.396413446792124,-2.13172798860082,1.480170596868936,-0.9200352616054202,1.569621983115496,3.140796327047386
0.59,-0.572,-0.291,0.674,1.57,-6.18e-23,-1.11e-38,-2.396413446792124,-2.13172798860082,1.480170596868936,-0.9200352616054202,1.569621983115496,3.140796327047386
0.6,-0.572,-0.291,0.674,1.57,-6.18e-23,-1.11e-38,-2.396413446792124,-2.13172798860082,1.480170596868936,-0.9200352616054202,1.569621983115496,3.140796327047386
0.61,-0.572,-0.291,0.674,1.57,-6.18e-23,-1.11e-38,-2.396413446792124,-2.13172798860082,1.480170596868936,-0.9200352616054202,1.569621983115496,3.140796327047386
0.62,-0.572,-0.291,0.674,1.57,-6.18e-23,-1.11e-38,-2.396413446792124,-2.13172798860082,1.480170596868936,-0.9200352616054202,1.569621983115496,3.140796327047386
0.63,-0.572,-0.291,0.674,1.57,-6.18e-23,-1.11e-38,-2.396413446792124,-2.13172798860082,1.480170596868936,-0.9200352616054202,1.569621983115496,3.140796327047386
0.64,-0.572,-0.291,0.674,1.57,-6.18e-23,-1.11e-38,-2.396413446792124,-2.13172798860082,1.480170596868936,-0.9200352616054202,1.569621983115496,3.140796327047386
0.65,-0.572,-0.291,0.674,1.57,-6.18e-23,-1.11e-38,-2.396413446792124,-2.13172798860082,1.480170596868936,-0.9200352616054202,1.569621983115496,3.140796327047386
0.66,-0.572,-0.291,0.674,1.57,-6.18e-23,-1.11e-38,-2.396413446792124,-2.13172798860082,1.480170596868936,-0.9200352616054202,1.569621983115496,3.140796327047386
0.67,-0.572,-0.291,0.674,1.57,-6.18e-23,-1.11e-38,-2.396413446792124,-2.13172798860082,1.480170596868936,-0.9200352616054202,1.569621983115496,3.140796327047386
0.68,-0.572,-0.291,0.674,1.57,-6.18e-23,-1.11e-38,-2.396413446792124,-2.13172798860082,1.480170596868936,-0.9200352616054202,1.569621983115496,3.140796327047386
0.6900000000000001,-0.572,-0.291,0.674,1.57,-6.18e-23,-1.11e-38,-2.396413446792124,-2.13172798860082,1.480170596868936,-0.9200352616054202,1.569621983115496,3.140796327047386
0.7000000000000001,-0.572,-0.291,0.674,1.57,-6.18e-23,-1.11e-38,-2.396413446792124,-2.13172798860082,1.480170596868936,-0.9200352616054202,1.569621983115496,3.140796327047386
0.71,-0.572,-0.291,0.674,1.57,-6.18e-23,-1.11e-38,-2.396413446792124,-2.13172798860082,1.480170596868936,-0.9200352616054202,1.569621983115496,3.140796327047386
0.72,-0.572,-0.291,0.674,1.57,-6.18e-23,-1.11e-38,-2.396413446792124,-2.13172798860082,1.480170596868936,-0.9200352616054202,1.569621983115496,3.140796327047386
0.73,-0.572,-0.291,0.674,1.57,-6.18e-23,-1.11e-38,-2.396413446792124,-2.13172798860082,1.480170596868936,-0.9200352616054202,1.569621983115496,3.140796327047386
0.74,-0.572,-0.291,0.674,1.57,-6.18e-23,-1.11e-38,-2.396413446792124,-2.13172798860082,1.480170596868936,-0.9200352616054202,1.569621983115496,3.140796327047386
0.75,-0.572,-0.291,0.674,1.57,-6.18e-23,-1.11e-38,-2.396413446792124,-2.13172798860082,1.480170596868936,-0.9200352616054202,1.569621983115496,3.140796327047386
0.76,-0.572,-0.291,0.674,1.57,-6.18e-23,-1.11e-38,-2.396413446792124,-2.13172798860082,1.480170596868936,-0.9200352616054202,1.569621983115496,3.140796327047386
0.77,-0.572,-0.291,0.674,1.57,-6.18e-23,-1.11e-38,-2.396413446792124,-2.13172798860082,1.480170596868936,-0.9200352616054202,1.569621983115496,3.140796327047386
0.78,-0.572,-0.291,0.674,1.57,-6.18e-23,-1.11e-38,-2.396413446792124,-2.13172798860082,1.480170596868936,-0.9200352616054202,1.569621983115496,3.140796327047386
0.79,-0.572,-0.291,0.674,1.57,-6.18e-23,-1.11e-38,-2.396413446792124,-2.13172798860082,1.480170596868936,-0.9200352616054202,1.569621983115496,3.140796327047386
0.8,-0.572,-0.291,0.674,1.57,-6.18e-23,-1.11e-38,-2.396413446792124,-2.13172798860082,1.480170596868936,-0.9200352616054202,1.569621983115496,3.140796327047386
0.8100000000000001,-0.572,-0.291,0.674,1.57,-6.18e-23,-1.11e-38,-2.396413446792124,-2.13172798860082,1.480170596868936,-0.9200352616054202,1.569621983115496,3.140796327047386
0.8200000000000001,-0.572,-0.291,0.674,1.57,-6.18e-23,-1.11e-38,-2.396413446792124,-2.13172798860082,1.480170596868936,-0.9200352616054202,1.569621983115496,3.140796327047386
0.8300000000000001,-0.572,-0.291,0.674,1.57,-6.18e-23,-1.11e-38,-2.396413446792124,-2.13172798860082,1.480170596868936,-0.9200352616054202,1.569621983115496,3.140796327047386
0.84,-0.572,-0.291,0.674,1.57,-6.18e-23,-1.11e-38,-2.396413446792124,-2.13172798860082,1.480170596868936,-0.9200352616054202,1.569621983115496,3.140796327047386
0.85,-0.572,-0.291,0.674,1.57,-6.18e-23,-1.11e-38,-2.396413446792124,-2.13172798860082,1.480170596868936,-0.9200352616054202,1.569621983115496,3.140796327047386
0.86,-0.572,-0.291,0.674,1.57,-6.18e-23,-1.11e-38,-2.396413446792124,-2.13172798860082,1.480170596868936,-0.9200352616054202,1.569621983115496,3.140796327047386
0.87,-0.572,-0.291,0.674,1.57,-6.18e-23,-1.11e-38,-2.396413446792124,-2.13172798860082,1.480170596868936,-0.9200352616054202,1.569621983115496,3.140796327047386
0.88,-0.572,-0.291,0.674,1.57,-6.18e-23,-1.11e-38,-2.396413446792124,-2.13172798860082,1.480170596868936,-0.9200352616054202,1.569621983115496,3.140796327047386
0.89,-0.572,-0.291,0.674,1.57,-6.18e-23,-1.11e-38,-2.396413446792124,-2.13172798860082,1.480170596868936,-0.9200352616054202,1.569621983115496,3.140796327047386
0.9,-0.572,-0.291,0.674,1.57,-6.18e-23,-1.11e-38,-2.396413446792124,-2.13172798860082,1.480170596868936,-0.9200352616054202,1.569621983115496,3.140796327047386
0.91,-0.572,-0.291,0.674,1.57,-6.18e-23,-1.11e-38,-2.396413446792124,-2.13172798860082,1.480170596868936,-0.9200352616054202,1.569621983115496,3.140796327047386
0.92,-0.572,-0.291,0.674,1.57,-6.18e-23,-1.11e-38,-2.396413446792124,-2.13172798860082,1.480170596868936,-0.9200352616054202,1.569621983115496,3.140796327047386
0.93,-0.572,-0.291,0.674,1.57,-6.18e-23,-1.11e-38,-2.396413446792124,-2.13172798860082,1.480170596868936,-0.9200352616054202,1.569621983115496,3.140796327047386
0.9400000000000001,-0.572,-0.291,0.674,1.57,-6.18e-23,-1.11e-38,-2.396413446792124,-2.13172798860082,1.480170596868936,-0.9200352616054202,1.569621983115496,3.140796327047386
0.9500000000000001,-0.572,-0.291,0.674,1.57,-6.18e-23,-1.11e-38,-2.396413446792124,-2.13172798860082,1.480170596868936,-0.9200352616054202,1.569621983115496,3.140796327047386
0.96,-0.572,-0.291,0.674,1.57,-6.18e-23,-1.11e-38,-2.396413446792124,-2.13172798860082,1.480170596868936,-0.9200352616054202,1.569621983115496,3.140796327047386
0.97,-0.572,-0.291,0.674,1.57,-6.18e-23,-1.11e-38,-2.396413446792124,-2.13172798860082,1.480170596868936,-0.9200352616054202,1.569621983115496,3.140796327047386
0.98,-0.572,-0.291,0.674,1.57,-6.18e-23,-1.11e-38,-2.396413446792124,-2.13172798860082,1.480170596868936,-0.9200352616054202,1.569621983115496,3.140796327047386
0.99,-0.572,-0.291,0.674,1.57,-6.18e-23,-1.11e-38,-2.396413446792124,-2.13172798860082,1.480170596868936,-0.9200352616054202,1.569621983115496,3.140796327047386
1,-0.572,-0.291,0.674,1.57,-6.18e-23,-1.11e-38,-2.396413446792124,-2.13172798860082,1.480170596868936,-0.9200352616054202,1.569621983115496,3.140796327047386
