time,q1,q2,q3,q4,q5,q6,x,y,z,roll,pitch,yaw,qx,qy,qz,qw
1,-0.693,-0.833,0.951,1.149,1.515,1.739,-0.808345194,0.436592474,0.419885572,-3.034373895,-0.290064931,2.273257441,-0.408615365,-0.899663752,-0.012605825,0.153230902
2,-0.695,-0.83,0.946,1.15,1.515,1.74,-0.808729897,0.439258435,0.419703206,-3.033894031,-0.290942253,2.270167418,-0.409920158,-0.898986802,-0.012812869,0.153701088
3,-0.722,-0.8,0.879,1.165,1.508,1.749,-0.811143221,0.47266957,0.426487565,-3.020109128,-0.310349638,2.232718604,-0.424452633,-0.890193466,-0.013828799,0.16493732
4,-0.726,-0.795,0.87,1.167,1.507,1.751,-0.81131681,0.477592503,0.426482863,-3.018101266,-0.311893138,2.226536184,-0.426941693,-0.888804804,-0.013788977,0.166002033
5,-0.717,-0.806,0.894,1.161,1.509,1.747,-0.810541933,0.466187234,0.424287851,-3.022687391,-0.305850411,2.240073897,-0.421657297,-0.891983258,-0.013386509,0.16245551
6,-0.668,-0.857,1.004,1.138,1.521,1.732,-0.806148909,0.406997958,0.414628449,-3.04547655,-0.274017412,2.306293286,-0.395351062,-0.907095152,-0.01183607,0.14399941
7,-0.551,-0.931,1.179,1.116,1.546,1.715,-0.797264861,0.282275082,0.393241873,-3.086945319,-0.201059232,2.443448566,-0.337595592,-0.935534954,-0.008770061,0.10356955
8,-0.448,-0.963,1.273,1.117,1.561,1.716,-0.790428271,0.185549664,0.376740279,-3.110956627,-0.140855738,2.546933167,-0.291177018,-0.953955846,-0.006004638,0.071750492
9,-0.308,-0.975,1.346,1.135,1.571,1.733,-0.781654101,0.06609522,0.356479456,-3.13131517,-0.063977519,2.6710535,-0.232822987,-0.971979513,-0.002460775,0.032299051
10,-0.229,-0.969,1.365,1.152,1.572,1.747,-0.777158063,0.002627205,0.345965195,-3.138780959,-0.022654289,2.73634341,-0.201212241,-0.979481169,-0.000902437,0.011378059
11,-0.288,-0.968,1.379,1.153,1.57,1.746,-0.771149703,0.046870895,0.339619046,-3.139623843,-0.006553474,2.678385235,-0.229534224,-0.973294577,0.00020598,0.003415197
12,-0.371,-0.961,1.377,1.155,1.57,1.743,-0.766058599,0.111205346,0.335392257,-3.140843005,0.000337114,2.598389026,0.268274914,0.963342308,-0.000406304,6.18E-05
13,-0.488,-0.936,1.349,1.167,1.57,1.743,-0.758523166,0.205540473,0.32911513,3.140800073,0.009203997,2.481381668,0.324137644,0.945998654,-0.001116809,0.004481965
14,-0.591,-0.896,1.295,1.191,1.571,1.75,-0.751122304,0.294493826,0.322756912,3.137968858,0.018859804,2.371356763,0.375635292,0.926717824,-0.00186335,0.009419699
15,-0.651,-0.876,1.245,1.214,1.572,1.748,-0.745349074,0.349235323,0.330059432,3.138256497,0.01180038,2.313376641,0.402356919,0.915462351,-0.000847005,0.00607262
16,-0.763,-0.817,1.103,1.275,1.571,1.75,-0.734195619,0.46131276,0.348394942,-3.140046854,-0.009675747,2.199380504,-0.45386337,-0.89105782,-0.00150707,0.004661644
17,-0.76,-0.825,1.095,1.289,1.571,1.75,-0.734966873,0.458528916,0.360300025,-3.139690321,-0.011643715,2.202376704,-0.452523922,-0.891732753,-0.001786404,0.005622015
18,-0.708,-0.885,1.084,1.359,1.571,1.748,-0.743983335,0.407874923,0.423805749,-3.13953731,-0.012631835,2.256374696,-0.428283857,-0.903621598,-0.001776454,0.006147399
19,-0.668,-0.921,1.061,1.417,1.571,1.749,-0.750658175,0.37066412,0.470611886,-3.139347386,-0.013613934,2.295372292,-0.410581609,-0.911797756,-0.001771294,0.006667593
20,-0.639,-0.928,0.995,1.435,1.562,1.747,-0.767809387,0.352422634,0.508395998,-3.120856212,-0.066187733,2.326005155,-0.396031581,-0.917582106,-0.003608805,0.034482481
21,-0.661,-0.9,0.969,1.372,1.551,1.745,-0.777505103,0.381311833,0.490217748,-3.099489861,-0.124391663,2.305053188,-0.404109189,-0.912355608,-0.006042814,0.065318395
22,-0.725,-0.797,0.872,1.17,1.508,1.75,-0.810727715,0.475992271,0.427561803,-3.019986966,-0.309245894,2.228735992,-0.426281562,-0.889409032,-0.013858367,0.164449227
23,-0.676,-0.85,0.988,1.141,1.52,1.734,-0.806716021,0.416371303,0.416418703,-3.042882805,-0.279577227,2.295954514,-0.399566833,-0.904761302,-0.012552224,0.146955009
24,-0.591,-0.911,1.129,1.12,1.538,1.718,-0.80028026,0.322830228,0.400164474,-3.074446428,-0.225429073,2.399620695,-0.356512408,-0.926903352,-0.009668703,0.116857153
25,-0.542,-0.935,1.189,1.116,1.547,1.714,-0.796581699,0.273303242,0.391937686,-3.089027661,-0.195320131,2.453635201,-0.333100305,-0.937475067,-0.008248605,0.100581535
26,-0.391,-0.972,1.309,1.122,1.566,1.722,-0.786868344,0.135555264,0.368555097,-3.119944016,-0.109793209,2.598467688,-0.267245069,-0.962004681,-0.004305315,0.055754203
27,-0.229,-0.969,1.365,1.152,1.572,1.747,-0.777158063,0.002627205,0.345965195,-3.138780959,-0.022654289,2.73634341,-0.201212241,-0.979481169,-0.000902437,0.011378059
28,-0.213,-0.966,1.368,1.157,1.571,1.751,-0.776022272,-0.010160061,0.343056863,-3.139678678,-0.011641807,2.748376638,-0.195334954,-0.980718847,-0.000198535,0.005895666
29,-0.319,-0.966,1.38,1.153,1.57,1.745,-0.769296404,0.070740271,0.33770903,-3.140150383,-0.003600846,2.648387895,-0.244108822,-0.969745906,0.000259816,0.001921991
30,-0.462,-0.943,1.359,1.163,1.57,1.742,-0.759994601,0.18395124,0.329955939,3.140979659,0.008219405,2.508383195,0.311338002,0.950290306,-0.000988257,0.004000856
31,-0.502,-0.932,1.344,1.17,1.57,1.743,-0.757297599,0.217086845,0.328423513,3.14045733,0.011174413,2.467378176,0.330750327,0.943701585,-0.001312303,0.005460461
32,-0.607,-0.89,1.284,1.197,1.571,1.75,-0.749480729,0.30867243,0.323210918,3.137790545,0.019843784,2.355353313,0.383035001,0.923678588,-0.002044778,0.009893072
33,-0.666,-0.87,1.23,1.22,1.572,1.747,-0.743958851,0.363465445,0.332142242,3.138794236,0.008850167,2.299382136,0.40875935,0.912630404,-0.000531873,0.004610429
34,-0.768,-0.814,1.095,1.279,1.571,1.751,-0.733503451,0.466545986,0.349761343,-3.13985793,-0.010658002,2.193378636,-0.456533368,-0.889689909,-0.00166123,0.005137175
35,-0.746,-0.842,1.094,1.307,1.571,1.749,-0.737599661,0.444762125,0.377253028,-3.139701966,-0.011645612,2.21737677,-0.445823261,-0.89510157,-0.001749824,0.005633508
36,-0.664,-0.924,1.058,1.423,1.571,1.749,-0.751349511,0.367043998,0.475122165,-3.139347386,-0.013613934,2.299372292,-0.408757194,-0.912617095,-0.001757955,0.006671122
37,-0.619,-0.953,1.016,1.49,1.571,1.751,-0.759060604,0.327145625,0.52556209,-3.138603066,-0.017544629,2.342360942,-0.389037009,-0.921179146,-0.002035982,0.008662584
38,-0.663,-0.896,0.966,1.365,1.55,1.745,-0.778916204,0.384416388,0.487500727,-3.097449198,-0.13012623,2.302926602,-0.404880316,-0.911790396,-0.006350241,0.068336501
39,-0.706,-0.831,0.905,1.233,1.523,1.746,-0.800093845,0.446154251,0.447362703,-3.047636641,-0.251353966,2.254851957,-0.419816205,-0.89772302,-0.011627,0.133088489
40,-0.674,-0.852,0.992,1.141,1.52,1.733,-0.806474318,0.413900077,0.416256874,-3.043517542,-0.277703978,2.299085879,-0.398291014,-0.905481795,-0.012224823,0.146005279
41,-0.639,-0.88,1.056,1.13,1.528,1.725,-0.803906003,0.374288148,0.409085673,-3.057787932,-0.255020318,2.343338896,-0.380212465,-0.915188253,-0.011090472,0.133213903
42,-0.537,-0.937,1.194,1.116,1.548,1.714,-0.796301233,0.268478448,0.391285158,-3.090460506,-0.192494535,2.458713323,-0.330870566,-0.938428627,-0.008191441,0.099041808
43,-0.41,-0.97,1.298,1.12,1.565,1.719,-0.78798057,0.152017308,0.371569379,-3.117640067,-0.120587825,2.582299296,-0.274801146,-0.959536864,-0.005140956,0.06121198
44,-0.366,-0.974,1.322,1.126,1.568,1.725,-0.785203107,0.114251132,0.364925212,-3.123917411,-0.09521478,2.620682293,-0.2568122,-0.96524867,-0.003724998,0.048255818
45,-0.218,-0.968,1.367,1.155,1.571,1.749,-0.776310699,-0.006225051,0.344741582,-3.138815478,-0.016566414,2.745364265,-0.196802545,-0.980407171,-0.000268908,0.008394376
46,-0.221,-0.967,1.37,1.156,1.571,1.75,-0.775367934,-0.004111316,0.342878871,-3.139690321,-0.011643715,2.741376704,-0.198766267,-0.980029169,-0.000225064,0.005894713
47,-0.371,-0.961,1.377,1.155,1.57,1.743,-0.766058599,0.111205346,0.335392257,-3.140843005,0.000337114,2.598389026,0.268274914,0.963342308,-0.000406304,6.18E-05
48,-0.505,-0.931,1.343,1.17,1.57,1.743,-0.757073467,0.219595762,0.328057778,3.14045733,0.011174413,2.464378176,0.332165507,0.943204398,-0.001320492,0.005458486
49,-0.595,-0.894,1.292,1.193,1.571,1.75,-0.750819374,0.298092265,0.322639488,3.137790545,0.019843784,2.367353313,0.377486069,0.925960158,-0.001985383,0.009905163
50,-0.658,-0.873,1.237,1.217,1.572,1.747,-0.744996439,0.356075194,0.331307384,3.138618927,0.009834682,2.307380498,0.405104311,0.91425604,-0.000632715,0.005098075
51,-0.765,-0.815,1.099,1.277,1.571,1.75,-0.734147772,0.463621436,0.348652813,-3.140046854,-0.009675747,2.197380504,-0.454754201,-0.890603511,-0.00151173,0.004660135
52,-0.752,-0.834,1.095,1.299,1.571,1.75,-0.736539726,0.450696716,0.369111613,-3.139868589,-0.010659731,2.210378692,-0.448954602,-0.893538256,-0.001622655,0.00514949
53,-0.665,-0.923,1.06,1.42,1.571,1.749,-0.751184481,0.367953867,0.473052236,-3.139347386,-0.013613934,2.298372292,-0.409213451,-0.912412602,-0.001761291,0.006670242
54,-0.628,-0.949,1.027,1.478,1.571,1.75,-0.756922888,0.334571753,0.515933426,-3.139155491,-0.014595665,2.334369687,-0.392723264,-0.919626933,-0.001745502,0.007189952
