"time","ee_y","joint_angle_2","joint_angle_3","joint_angle_6","joint_angle_5","joint_angle_4","ee_z","ee_x","joint_angle_1"
0,0,0,0,0,0,0,0,0,0
0.002,-0.452,0,0,0,0,0,0.8080000000000001,0,0
0.004,-0.4519953253460913,0.02355528159647725,-0.01763790043214067,0,0.3444541131826132,-0.1375903849437234,0.8079964460209109,0.00174289884143956,0.01472692488714483
0.006,-0.4519685564610682,0.06878142226171356,-0.05150266926185074,0,0.8955806942747941,-0.3852530778424254,0.8079741196286481,0.004536863624144765,0.04333923609645478
0.008,-0.451898584555239,0.1653077267393276,-0.05940039568058437,0,1.546665991865409,-0.8026513555427802,0.8079083705103427,0.008129598666839793,0.1000043567048293
0.01,-0.4517909161355252,0.2670015769019211,-0.05208930615523032,0,2.171431312074248,-1.269469328417347,0.8077955243038347,0.01172024593237126,0.1508518355755023
0.012,-0.45164886942807,0.3711367470604627,-0.03271851388384309,0,2.768630251112951,-1.761134719880579,0.8076358181457257,0.01524072262532212,0.1951268328057806
0.014,-0.4514738203391051,0.4767422552451491,-0.002784092384807785,0,3.345127371541284,-2.268148882917571,0.8074297860747554,0.01869910155945885,0.232928122147542
0.016,-0.4512663346306532,0.5832827175706914,0.03662868473672227,0,3.906253420100803,-2.784987058728064,0.8071782145894953,0.02210623285829855,0.264542490518729
0.018,-0.4510267035183458,0.6903893688731327,0.08460912516936078,0,4.455536189972863,-3.307896283158081,0.8068821253758389,0.02546901100330363,0.2903158912169812
0.02,-0.4507551828135749,0.7977776315470976,0.140351084782399,0,4.99522467302202,-3.834151527112591,0.8065427404774234,0.02879097063535281,0.3106117884503306
0.022,-0.4504520910227137,0.9052137768208336,0.2031249743520957,0,5.526740801409904,-4.361709324047263,0.8061614359397273,0.03207353340609474,0.3257938587144257
0.024,-0.4501178411349812,1.012498666752662,0.2722639510295867,0,6.050988043604892,-4.88901155149307,0.8057396933220511,0.03531696020140001,0.3362176314173316
0.026,-0.4497529425113935,1.119458710017943,0.3471558628814952,0,6.568549238974141,-5.414860030567933,0.805279055431679,0.03852096168423425,0.3422260902740485
0.028,-0.4493579905208045,1.225940335777022,0.4272378024205,0,7.079810266325865,-5.9383301525128,0.8047810892990845,0.04168505849660628,0.3441473179443106
0.03,-0.4489336522629174,1.331806377820577,0.5119919300308666,0,7.585036421579912,-6.458708489765913,0.8042473571308623,0.04480877917433976,0.3422933240763227
0.032,-0.4484806521230296,1.436933578440234,0.600941962050323,0,8.084419270321021,-6.975446312103396,0.8036793947206804,0.04789175888494229,0.3369596080875725
0.034,-0.4479997586589332,1.541210783866118,0.6936500437400328,0,8.578105273811932,-7.488124219356466,0.8030786962409279,0.05093378016899735,0.3284251915009317
0.036,-0.4474917732730285,1.64453758235649,0.7897138826093256,0,9.066213224662771,-7.996424838965786,0.8024467041957755,0.05393478127991783,0.3169529486749741
0.038,-0.4469575206569253,1.746823234047587,0.8887640861871244,0,9.548844840278239,-8.500111530075927,0.8017848033822847,0.05689484756456413,0.3027901225603791
0.04,-0.4463978408190178,1.847985798466979,0.9904616786525777,0,10.02609118297442,-8.99901164850408,0.8010943178623798,0.05981419493258781,0.2861689497798394
0.042,-0.4458135824604488,1.947951399593373,1.09449578421493,0,10.49803653902756,-9.493003323669042,0.8003765101298197,0.06269315054380889,0.2673073438558078
0.044,-0.4452055974759627,2.046653590172918,1.200581467904403,0,10.96476075377083,-9.982004969130639,0.7996325818267799,0.06553213349154352,0.2464096038119553
0.046,-0.4445747363861663,2.14403278969223,1.308457726988637,0,11.4263406306989,-10.46596693664261,0.7988636755145535,0.06833163687801529,0.2236671257451087
0.048,-0.4439218445422839,2.240035779340174,1.417885625214272,0,11.88285076447492,-10.94486486199006,0.798070877124575,0.07109221188209329,0.1992591036513681
0.05,-0.4432477589747731,2.33461524249864,1.528646562088932,0,12.33436403314244,-11.41869435148984,0.7972552188140752,0.07381445398002882,0.1733532106619247
0.052,-0.4425533057828102,2.427729342824229,1.640540669435688,0,12.78095188589433,-11.8874667346927,0.7964176820267409,0.07649899124714579,0.146106255282379
0.054,-0.4418392979817518,2.519341334364167,1.753385327133529,0,13.22268450916315,-12.35120566732838,0.7955592006164985,0.07914647455825488,0.1176648097340661
0.056,-0.4411065337409257,2.609419199485419,1.867013790397095,0,13.65963092122355,-12.80994441344434,0.7946806639361935,0.08175756946384712,0.08816580873327852
0.058,-0.4403557949564724,2.697935311592708,1.981273920971197,0,14.09185902526285,-13.26372367093666,0.7937829198257508,0.08433294951188265,0.05773711833003534
0.06,-0.4395878461130265,2.784866120202736,2.096027015015541,0,14.51943563897596,-13.71258983244472,0.7928667774577974,0.0868732908002269,0.02649807497077286
0.062,-0.4388034333951425,2.870191856410203,2.211146720867858,0,14.94242651145122,-14.15659359515048,0.7919330100163324,0.08937926756653811,-0.005440004644899476
0.064,-0.4380032840156478,2.953896257224842,2.326518040198199,0,15.36089633315223,-14.59578885070941,0.7909823571963847,0.09185154864533852,-0.03797334191836857
0.066,-0.4371881057308319,3.035966307318637,2.442036406388214,0,15.77490874384276,-15.03023179953705,0.7900155275207016,0.09429079465159432,-0.0710052419388419
0.068,-0.4363585865189533,3.116391997125331,2.557606834507201,0,16.1845263390807,-15.45998024560764,0.789033200476567,0.09669765576334557,-0.1044456650165807
0.07000000000000001,-0.4355153943989828,3.195166096156928,2.673143137562611,0,16.58981067733198,-15.88509303589723,0.7880360284786544,0.0990727700039201,-0.1382108230379216
0.07200000000000001,-0.4346591773707763,3.272283940645924,2.788567204033638,0,16.99082228779584,-16.30562961607314,0.7870246386670012,0.1014167619359159,-0.1722227993250413
0.074,-0.4337905634594905,3.347743234641058,2.903808332136352,0,17.3876206792153,-16.72164967939373,0.7859996345505565,0.103730241695194,-0.2064091908252967
0.076,-0.4329101608487688,3.421543863757027,3.018802616442679,0,17.78026435001439,-17.13321289039401,0.7849615975069631,0.1060138043062096,-0.2407027713888235
0.078,-0.4320185580897463,3.493687720843739,3.133492382986654,0,18.16881079928617,-17.54037866858077,0.7839110881501389,0.1082680292275246,-0.2750411750113133
0.08,-0.431116324373756,3.564178542911804,3.247825669023598,0,18.55331653879348,-17.94320602019419,0.7828486475764685,0.110493480086843,-0.3093665978298008
0.082,-0.4302040098577783,3.633021758622283,3.361755744123399,0,18.93383710607263,-18.34175340839897,0.7817747985000196,0.1126907045721431,-0.3436255178968507
0.08400000000000001,-0.4292821460343009,3.700224345757605,3.475240669398639,0,19.31042707788339,-18.73607865431845,0.7806900462873099,0.1148602344479547,-0.3777684316399039
0.08600000000000001,-0.4283512461366585,3.765794698092712,3.588242891967388,0,19.68314008431153,-19.12623886267219,0.77959487990066,0.1170025856745947,-0.4117496060689093
0.08799999999999999,-0.4274118055726422,3.829742501118564,3.700728871845343,0,20.05202882345666,-19.51229036701709,0.7784897727587858,0.1191182586104685,-0.4455268457618526
0.09,-0.4264643023800525,3.892078616089482,3.812668738823012,0,20.41714507651573,-19.89428869061649,0.7773751835226763,0.1212077382806847,-0.4790612737968823
0.092,-0.4255091976986845,3.952814971905363,3.924035976969986,0,20.7785397231593,-20.27228851964919,0.7762515568142558,0.1232714946978801,-0.5123171257848582
0.094,-0.4245469362539933,4.011964464397189,4.034807134610653,0,21.13626275701267,-20.64634368640947,0.7751193238741964,0.1253099832236218,-0.5452615561890537
0.096,-0.4235779468479536,4.069540862515748,4.144961557830464,0,21.49036330133245,-21.01650716008911,0.7739789031653936,0.1273236449609913,-0.5778644562631401
0.098,-0.4226026428533388,4.125558721028462,4.254481145621011,0,21.84088962489686,-21.38283104371287,0.7728307009269937,0.1293129071707334,-0.6100982828872749
0.1,-0.421621422708897,4.180033299369005,4.36335012498514,0,22.18788915764168,-21.74536657589305,0.7716751116845429,0.131278183702647,-0.6419378976011699
0.102,-0.4206346704118274,4.232980486204901,4.47155484443408,0,22.53140850652947,-22.10416413626784,0.7705125187200735,0.1332198754386625,-0.6733604152816611
0.104,-0.4196427560058217,4.284416729382044,4.579083584426048,0,22.87149347131186,-22.45927325370644,0.7693432945067045,0.1351383707414864,-0.704345061880952
0.106,-0.4186460360626445,4.334358970932801,4.685926383410242,0,23.2081890601537,-22.81074261672481,0.7681678011111185,0.1370340459051927,-0.7348730406534555
0.108,-0.4176448541555082,4.382824586821623,4.792074878199133,0,23.54153950519887,-23.15862008558149,0.7669863905669352,0.1389072656048772,-0.7649274063522351
0.11,-0.4166395413233659,4.429831331120567,4.897522157644309,0,23.87158827774531,-23.5029527054846,0.7657994052226674,0.1407583833415101,-0.7944929469756365
0.112,-0.4156304165240326,4.475397284312123,5.002262628418797,0,24.19837810362594,-23.8437867206772,0.7646071780656379,0.1425877418821627,-0.8235560725620961
0.114,-0.4146177870762078,4.519540805484326,5.106291892044428,0,24.52195097820798,-24.18116758906711,0.7634100330252325,0.1443956736915701,-0.8521047106412331
0.116,-0.4136019490896894,4.562280488165129,5.209606632209511,0,24.84234818105074,-24.51513999728671,0.7622082852572324,0.1461825013540277,-0.8801282078967777
0.118,-0.4125831878823983,4.603635119522788,5.312204511583449,0,25.1596102906617,-24.8457478758303,0.7610022414108427,0.1479485379858066,-0.9076172377473423
0.12,-0.4115617783849829,4.643623642744371,5.414084077328363,0,25.47377719876377,-25.17303441438182,0.7597921998803294,0.1496940876355407,-0.9345637134024699
0.122,-0.4105379855320502,4.682265122375994,5.515244674643617,0,25.78488812443004,-25.49704207697323,0.7585784510429254,0.1514194456726656,-0.9609607061304638
0.124,-0.4095120646402146,4.719578712401394,5.615686367690179,0,26.09298162792668,-25.81781261709516,0.7573612774839461,0.1531248991634312,-0.9868023684160673
0.126,-0.4084842617727931,4.755583626910552,5.715409867273242,0,26.39809562433547,-26.13538709261533,0.7561409542105033,0.1548107272340211,-1.012083861693388
0.128,-0.4074548140913302,4.790299113140774,5.814416464779294,0,26.70026739688267,-26.44980588044038,0.7549177488549444,0.1564772014205859,-1.036801288421795
0.13,-0.4064239501939919,4.823744426769433,5.912707971788456,0,26.99953361004826,-26.76110869096549,0.7536919218687105,0.1581245860061331,-1.060951628195723
0.132,-0.4053918904409355,4.85593880926971,6.010286664976534,0,27.29593032244678,-27.06933458216204,0.7524637267077651,0.1597531383443211,-1.084532677708487
0.134,-0.4043588472671459,4.886901467207462,6.107155235795187,0,27.58949299940407,-27.37452197345777,0.7512334100099997,0.161363109170079,-1.107542994276616
0.136,-0.40332502548305,4.916651553327486,6.203316744640341,0,27.88025652516115,-27.67670865922203,0.7500012117659138,0.162954742896841,-1.129981842786617
0.138,-0.4022906225626121,4.945208149302816,6.298774579027278,0,28.16825521504796,-27.97593182196468,0.7487673654822375,0.164528277901791,-1.151849145807333
0.14,-0.4012558289202132,4.972590250063194,6.393532415510814,0,28.45352282712796,-28.27222804522761,0.7475320983400224,0.1660839467976143,-1.173145436680562
0.142,-0.4002208281755797,4.99881674952889,6.48759418503633,0,28.73609257382916,-28.56563332616032,0.7462956313466843,0.167621976692959,-1.193871815469472
0.144,-0.399185797407913,5.023906427702031,6.580964041401407,0,29.01599713322328,-28.85618308773321,0.7450581794832702,0.169142589440418,-1.214029907535259
0.146,-0.3981509073996622,5.047877938988528,6.6736463326079,0,29.29326865990776,-29.14391219069146,0.7438199518470479,0.1706460018726038,-1.233621824614858
0.148,-0.3971163228692919,5.070749801667613,6.765645574830008,0,29.56793879595669,-29.42885494514391,0.742581151789328,0.1721324260278198,-1.252650128263752
0.15,-0.3960822026948857,5.092540388429843,6.856966428802663,0,29.84003868129855,-29.71104512191778,0.7413419770495442,0.1736020693639128,-1.271117795492507
0.152,-0.3950487001279138,5.113267917904999,6.94761367840827,0,30.10959896398902,-29.99051596359524,0.7401026198853538,0.1750551349619422,-1.289028186488397
0.154,-0.3940159629977723,5.13295044707128,7.0375922113255,0,30.37664981026633,-30.2673001952158,0.7388632671991845,0.1764918217198718,-1.306385014338272
0.156,-0.3929841339075264,5.151605864547816,7.126907001434461,0,30.64122091442739,-30.5414300347737,0.7376241006611578,0.1779123245364452,-1.32319231652882
0.158,-0.3919533504216578,5.169251884632303,7.215563093017543,0,30.90334150825045,-30.8129372033859,0.7363852968293342,0.179316834485191,-1.339454428248098
0.16,-0.390923745245268,5.185906042073612,7.303565586434722,0,31.1630403704381,-31.0818529352444,0.7351470272663837,0.1807055389800608,-1.355175957288256
0.162,-0.3898954463959881,5.201585687497134,7.390919625235408,0,31.4203458356794,-31.34820798724509,0.7339094586538641,0.1820786219318982,-1.370361760504525
0.164,-0.3888685773681794,5.216307983448823,7.477630384564968,0,31.67528580361749,-31.61203264846062,0.732672752903284,0.1834362638971308,-1.385016921723491
0.166,-0.3878432572906588,5.230089900996151,7.563703060744235,0,31.92788774741026,-31.87335674930948,0.7314370672650913,0.184778642217914,-1.399146731009071
0.168,-0.3868196010771102,5.242948216850994,7.649142861915154,0,32.17817872233782,-32.13220967048012,0.7302025544347621,0.1861059311553835,-1.412756665229014
0.17,-0.3857977195706368,5.254899510962408,7.733954999688147,0,32.42618537397949,-32.38862035170229,0.72896936265665,0.1874183020152509,-1.42585236982506
0.172,-0.3847777196818092,5.265960164555522,7.818144681660458,0,32.67193394638104,-32.64261730021746,0.7277376358254806,0.1887159232668564,-1.438439641727151
0.174,-0.3837597045212532,5.276146358561196,7.901717104756558,0,32.91545028989636,-32.89422859909518,0.7265075135856337,0.1899989606554598,-1.450524413340163
0.176,-0.3827437735266598,5.285474072427731,7.984677449318401,0,33.15675986884681,-33.14348191532387,0.7252791314283872,0.1912675773082765,-1.46211273753916
0.178,-0.381730022584413,5.293959083254337,8.067030873863958,0,33.3958877690674,-33.39040450769239,0.7240526207869246,0.1925219338348229,-1.473210773631003
0.18,-0.3807185441463194,5.301616965246581,8.148782510457417,0,33.63285870522139,-33.63502323449987,0.7228281091293949,0.1937621884214973,-1.48382477419828
0.182,-0.3797094273414392,5.308463089441242,8.229937460627665,0,33.86769702801178,-33.87736456105192,0.7216057200499154,0.1949884969210351,-1.493961072796675
0.184,-0.3787027580838104,5.314512623704486,8.310500791818384,0,34.10042673103026,-34.11745456703105,0.7203855733579042,0.1962010129364361,-1.503626072439456
0.186,-0.3776986191751996,5.319780532950346,8.390477534266074,0,34.33107145772706,-34.35531895362055,0.7191677851651894,0.1973998879008133,-1.51282623484287
0.188,-0.3766970904042628,5.324281579579107,8.469872678306549,0,34.55965450801156,-34.59098305049379,0.7179524679715986,0.198585271152198,-1.521568070365109
0.19,-0.3756982486417784,5.328030324105367,8.548691172075785,0,34.78619884469767,-34.82447182264518,0.7167397307487385,0.199757310004113,-1.529858128622752
0.192,-0.3747021679319914,5.331041125971511,8.626937919522108,0,35.01072709987478,-35.05580987707081,0.7155296790218778,0.2009161498122524,-1.537702989714443
0.194,-0.3737089195802942,5.333328144508178,8.70461777872589,0,35.2332615811908,-35.28502146924076,0.7143224149501535,0.202061934037467,-1.545109256047395
0.196,-0.372718572237956,5.334905340045238,8.781735560532043,0,35.45382427780434,-35.51213050948017,0.7131180374053041,0.2031948043047495,-1.552083544718584
0.198,-0.371731191983537,5.335786475158861,8.85829602739395,0,35.67243686626685,-35.73716056919049,0.7119166420486921,0.2043149004589148,-1.558632480397391
0.2,-0.3707468424008601,5.33598511601598,8.934303892464095,0,35.88912071640708,-35.96013488689989,0.7107183214064986,0.2054223606174729,-1.564762688733129
0.202,-0.3697655846546747,5.335514633841909,9.009763818868528,0,36.10389689687017,-36.18107637420457,0.7095231649437266,0.2065173212198891,-1.570480790187411
0.204,-0.3687874775631976,5.334388206472679,9.084680419186553,0,36.31678618064413,-36.40000762157226,0.7083312591364287,0.2075999170743292,-1.575793394328687
0.206,-0.3678125776680651,5.332618819988214,9.159058255071894,0,36.52780905046411,-36.61695090399698,0.7071426875424736,0.2086702814016946,-1.580707094525826
0.208,-0.3668409393019025,5.330219270421287,9.232901837034026,0,36.73698570403186,-36.83192818656646,0.7059575308708258,0.2097285458770308,-1.585228463026829
0.21,-0.3658726146533491,5.327202165534034,9.306215624330495,0,36.94433605918724,-37.04496112985645,0.7047758670494197,0.2107748406686468,-1.589364046395486
0.212,-0.3649076538300125,5.323579926646719,9.379004024991017,0,37.14987975887991,-37.25607109525384,0.7035977712915866,0.2118092944748685,-1.593120361294603
0.214,-0.3639461049189803,5.319364790515194,9.451271395927137,0,37.35363617613031,-37.46527915013407,0.7024233161609795,0.2128320345589211,-1.596503890583992
0.216,-0.3629880140456109,5.314568811254735,9.523022043159939,0,37.55562441874142,-37.67260607294443,0.701252571635355,0.2138431867815035,-1.59952107972956
0.218,-0.3620334254299763,5.309203862297046,9.594260222088367,0,37.75586333405594,-37.87807235814689,0.7000856051687905,0.2148428756318548,-1.602178333480723
0.22,-0.3610823814416537,5.303281638377102,9.66499013785989,0,37.95437151350537,-38.08169822109873,0.6989224817526237,0.2158312242568847,-1.604482012828711
0.222,-0.3601349226527051,5.296813657547231,9.735215945786535,0,38.15116729707056,-38.28350360278196,0.697763263975249,0.2168083544886632,-1.606438432205927
0.224,-0.3591910878887418,5.28981126321013,9.804941751807252,0,38.34626877770724,-38.48350817448785,0.6966080120802814,0.2177743868705823,-1.608053856918037
0.226,-0.3582509142786356,5.282285626170162,9.874171613017902,0,38.53969380556546,-38.68173134234529,0.6954567840239263,0.2187294406817845,-1.60933450080736
0.228,-0.3573144373023944,5.274247746694624,9.942909538214103,0,38.73145999221386,-38.87819225179406,0.6943096355307463,0.2196736339605237,-1.610286524109894
0.23,-0.3563816908376151,5.265708456587157,10.01115948848901,0,38.9215847147312,-39.07290979194714,0.6931666201483899,0.2206070835261381,-1.61091603152135
0.232,-0.3554527072045313,5.256678421258175,10.07892537784734,0,39.11008511970228,-39.2659025998604,0.6920277893011213,0.2215299049998942,-1.611229070437868
0.234,-0.3545275172095929,5.247168141804557,10.14621107383655,0,39.29697812715556,-39.45718906472693,0.6908931923421014,0.2224422128247637,-1.611231629364667
0.236,-0.3536061501877829,5.237187957087881,10.21302039821227,0,39.4822804343832,-39.64678733197196,0.6897628766046496,0.223344120284112,-1.610929636493943
0.238,-0.3526886340436938,5.226748045808062,10.27935712761082,0,39.66600851967455,-39.83471530727736,0.6886368874523321,0.2242357395194311,-1.610328958429776
0.24,-0.3517749952911786,5.215858428574625,10.34522499422305,0,39.84817864603705,-40.0209906605144,0.6875152683278573,0.2251171815473159,-1.609435399049423
0.242,-0.3508652590921652,5.204528969965644,10.41062768650152,0,40.02880686471609,-40.20563082960127,0.6863980608011215,0.2259885562753833,-1.608254698508363
0.244,-0.349959449293913,5.192769380578354,10.47556884984655,0,40.20790901879586,-40.38865302427483,0.6852853046158927,0.2268499725177163,-1.606792532364023
0.246,-0.3490575884655212,5.180589219075879,10.54005208731345,0,40.38550074659723,-40.57007422978927,0.684177037735752,0.2277015380093166,-1.605054510813529
0.248,-0.3481596979332929,5.167997894215839,10.60408096030034,0,40.56159748505362,-40.74991121055955,0.6830732963888103,0.2285433594200085,-1.603046178034288
0.25,-0.3472657978150274,5.155004666862012,10.6676589892703,0,40.73621447301625,-40.92818051370423,0.681974115111538,0.2293755423677349,-1.600773011650849
0.252,-0.3463759070534198,5.141618651990237,10.73078965443104,0,40.90936675448469,-41.10489847254026,0.6808795267915677,0.2301981914312244,-1.598240422265738
0.254,-0.3454900434485048,5.127848820672609,10.79347639643409,0,41.08106918176822,-41.28008120998783,0.6797895627096114,0.2310114101621334,-1.595453753098858
0.256,-0.3446082236890901,5.113704002046399,10.85572261705961,0,41.25133641862162,-41.45374464193103,0.6787042525802698,0.2318153010967571,-1.592418279706792
0.258,-0.3437304633835567,5.099192885264205,10.91753167990336,0,41.42018294323221,-41.62590448050549,0.677623624592132,0.2326099657671461,-1.589139209775791
0.26,-0.3428567770896628,5.084324021426811,10.97890691104587,0,41.58762305121059,-41.79657623730593,0.6765477054469006,0.2333955047118656,-1.58562168299181
0.262,-0.3419871783434311,5.06910582549957,11.03985159971961,0,41.75367085853939,-41.96577522655227,0.6754765203975241,0.2341720174864256,-1.581870770975762
0.264,-0.3411216796874703,5.05354657820441,11.10036899895867,0,41.91834030440982,-42.13351656818747,0.6744100932855877,0.2349396026732298,-1.577891477279485
0.266,-0.3402602926984781,5.037654427898894,11.16046232624836,0,42.08164515400725,-42.29981519092136,0.6733484465778521,0.2356983578911832,-1.573688737441782
0.268,-0.3394030280139322,5.021437392424888,11.22013476416295,0,42.24359900127257,-42.46468583519413,0.6722916014019465,0.2364483798050826,-1.569267419104366
0.27,-0.338549895358186,5.004903360949095,11.27938946098932,0,42.40421527157025,-42.62814305612095,0.6712395775812305,0.2371897641345916,-1.564632322168854
0.272,-0.33770090356772,4.988060095770432,11.33822953133921,0,42.56350722436026,-42.79020122634399,0.670192393668837,0.2379226056630901,-1.55978817901037
0.274,-0.3368560606159072,4.970915234116372,11.39665805675058,0,42.7214879557549,-42.9508745388618,0.669150066980991,0.2386469982461368,-1.55473965472419
0.276,-0.3360153736369757,4.953476289912489,11.45467808627483,0,42.87817040108504,-43.11017700976762,0.6681126136295665,0.2393630348197969,-1.549491347422576
0.278,-0.3351788489495013,4.935750655532683,11.51229263706134,0,43.0335673373555,-43.26812248098178,0.6670800485538591,0.240070807408686,-1.544047788563055
0.28,-0.3343464920792496,4.917745603526385,11.56950469492276,0,43.18769138567739,-43.42472462290506,0.6660523855516807,0.2407704071338423,-1.538413443312842
0.282,-0.3335183077813823,4.899468288327681,11.62631721489154,0,43.34055501366377,-43.57999693701888,0.6650296373097508,0.2414619242204284,-1.532592710945587
0.284,-0.3326943000620189,4.880925747936859,11.68273312176086,0,43.4921705378062,-43.73395275845368,0.664011815433236,0.242145448005348,-1.526589925267132
0.286,-0.3318744721995132,4.862124905590615,11.73875531061599,0,43.64255012572519,-43.88660525851351,0.6629989304748133,0.2428210669445016,-1.520409355065092
0.288,-0.3310588267648631,4.843072571397245,11.79438664735283,0,43.79170579847788,-44.03796744711714,0.6619909919629409,0.2434888686201605,-1.514055204589493
0.29,-0.3302473656419036,4.823775443963581,11.84962996918704,0,43.93964943272756,-44.18805217524872,0.6609880084295148,0.2441489397479835,-1.507531614048086
0.292,-0.3294400900467846,4.804240111992231,11.90448808515518,0,44.08639276293548,-44.33687213732649,0.6599899874368678,0.244801366184061,-1.500842660131775
0.294,-0.3286370005470723,4.784473055863854,11.95896377658916,0,44.23194738348394,-44.48443987353949,0.6589969356041777,0.2454462329317765,-1.49399235654448
0.296,-0.3278380970802861,4.764480649188462,12.01305979759938,0,44.37632475078011,-44.6307677721328,0.6580088586332218,0.2460836241486437,-1.48698465456915
0.298,-0.3270433789721126,4.744269160350416,12.06677887553631,0,44.5195361852769,-44.77586807167246,0.6570257613336031,0.2467136231529199,-1.47982344363323
0.3,-0.3262528449539529,4.723844754020654,12.12012371143379,0,44.66159287353038,-44.9197528632497,0.6560476476472547,0.2473363124303092,-1.472512551892053
0.302,-0.3254664931802124,4.703213492651448,12.1730969804593,0,44.80250587015321,-45.06243409265449,0.6550745206725023,0.2479517736404732,-1.465055746830536
0.304,-0.3246843212451446,4.682381337957403,12.22570133233885,0,44.94228609974494,-45.20392356251485,0.6541063826875437,0.248560087623455,-1.457456735865837
0.306,-0.3239063261991098,4.661354152366335,12.27793939177791,0,45.0809443588383,-45.34423293438228,0.6531432351732918,0.249161334406164,-1.449719166970998
0.308,-0.3231325045647541,4.640137700458303,12.32981375887038,0,45.21849131770971,-45.48337373080359,0.6521850788358436,0.2497555932086186,-1.441846629294665
0.31,-0.3223628523524404,4.618737650380231,12.38132700950061,0,45.3549375222624,-45.62135733733578,0.6512319136282559,0.2503429424503133,-1.433842653800092
0.312,-0.3215973650754884,4.597159575239603,12.43248169573546,0,45.49029339582053,-45.75819500453152,0.6502837387719022,0.2509234597564569,-1.425710713907201
0.314,-0.3208360377650654,4.575408954486859,12.48328034620249,0,45.62456924088337,-45.89389784989336,0.6493405527773641,0.2514972219641147,-1.417454226134776
0.316,-0.320078864984584,4.55349117527027,12.53372546645851,0,45.75777524088743,-46.02847685979539,0.6484023534647042,0.2520643051284152,-1.409076550749921
0.318,-0.3193258408438657,4.531411533776594,12.58381953935669,0,45.88992146189706,-46.16194289136564,0.647469137983397,0.2526247845286336,-1.400580992423705
0.32,-0.3185769590128497,4.509175236552729,12.63356502539457,0,46.02101785430379,-46.29430667433501,0.6465409028317031,0.2531787346742924,-1.391970800886149
0.322,-0.3178322127351005,4.486787401804857,12.68296436306691,0,46.15107425444901,-46.42557881286099,0.6456176438756502,0.2537262293111875,-1.383249171589205
0.324,-0.3170915948408441,4.464253060686733,12.73201996919488,0,46.28010038626723,-46.55576978731658,0.6446993563675002,0.2542673414274106,-1.374419246363716
0.326,-0.3163550977597454,4.441577158562649,12.78073423925972,0,46.40810586287463,-46.68488995605045,0.6437860349637982,0.2548021432593564,-1.365484114083045
0.328,-0.3156227135333984,4.418764556257288,12.82910954771911,0,46.53510018813125,-46.8129495571081,0.6428776737430487,0.2553307062976644,-1.356446811323473
0.33,-0.3148944338275703,4.395820031290097,12.87714824832508,0,46.66109275814837,-46.93995870993955,0.6419742662229804,0.2558531012931096,-1.347310323023927
0.332,-0.3141702499439655,4.372748279084737,12.92485267442692,0,46.78609286283033,-47.06592741706904,0.6410758053772689,0.256369398262582,-1.338077583146767
0.334,-0.3134501528318103,4.349553914167991,12.97222513926704,0,46.91010968735959,-47.19086556572896,0.6401822836519889,0.2568796664949584,-1.328751475337256
0.336,-0.3127341330991391,4.326241471349631,13.01926793627389,0,47.03315231365681,-47.31478292948049,0.6392936929816078,0.2573839745569717,-1.319334833581654
0.338,-0.3120221810239445,4.302815406888705,13.06598333934504,0,47.15522972177349,-47.43768916980044,0.6384100248047311,0.2578823902990072,-1.309830442856024
0.34,-0.3113142865647114,4.279280099637883,13.11237360312322,0,47.27635079136818,-47.55959383763403,0.6375312700792424,0.2583749808610187,-1.300241039785267
0.342,-0.310610439371094,4.255639852176738,13.1584409632738,0,47.39652430302931,-47.68050637494052,0.636657419297314,0.2588618126782612,-1.290569313289204
0.344,-0.3099106287940426,4.23189889192704,13.20418763674394,0,47.51575893967111,-47.80043611619585,0.6357884624999053,0.2593429514871234,-1.280817905228191
0.346,-0.3092148438957646,4.208061372251409,13.24961582201858,0,47.63406328788091,-47.91939228987548,0.6349243892909446,0.2598184623309114,-1.270989411045411
0.348,-0.3085230734595641,4.184131373541771,13.29472769937692,0,47.75144583920068,-48.03738401991792,0.6340651888512753,0.2602884095655494,-1.261086380403368
0.35,-0.3078353059992349,4.160112904284477,13.33952543113689,0,47.8679149914548,-48.15442032715303,0.6332108499521195,0.2607528568653766,-1.251111317820611
0.352,-0.3071515297683794,4.136009902117151,13.38401116189895,0,47.98347905000318,-48.27051013071666,0.6323613609683321,0.2612118672288402,-1.241066683299795
0.354,-0.3064717327694451,4.111826234866772,13.42818701877626,0,48.09814622899905,-48.38566224944481,0.6315167098912431,0.2616655029842023,-1.230954892951478
0.356,-0.305795902762564,4.087565701579093,13.47205511163051,0,48.21192465260702,-48.49988540323249,0.6306768843413199,0.2621138257952016,-1.220778319615167
0.358,-0.3051240272740424,4.06323203352421,13.51561753329038,0,48.32482235624983,-48.61318821438443,0.6298418715803068,0.2625568966667854,-1.2105392934731
0.36,-0.3044560936048829,4.038828895195548,13.55887635977938,0,48.43684728775678,-48.72557920892072,0.6290116585233831,0.2629947759507068,-1.200240102663426
0.362,-0.3037920888388687,4.014359885294319,13.60183365052454,0,48.5480073085647,-48.83706681789618,0.6281862317507166,0.2634275233511793,-1.189882993880587
0.364,-0.3031319998505654,3.989828537695655,13.64449144856701,0,48.65831019486513,-48.94765937867041,0.6273655775189078,0.2638551979305021,-1.179470172975807
0.366,-0.3024758133131581,3.965238322407641,13.68685178077064,0,48.76776363871921,-49.057365136172,0.6265496817721616,0.2642778581146222,-1.16900380554953
0.368,-0.301823515705952,3.940592646510999,13.72891665801926,0,48.87637524920205,-49.16619224412348,0.6257385301531295,0.2646955616987594,-1.158486017540363
0.37,-0.3011750933218872,3.915894855091978,13.77068807541921,0,48.98415255346231,-49.27414876628015,0.6249321080135272,0.2651083658529069,-1.147918895805395
0.372,-0.3005305322746113,3.891148232151894,13.81216801248768,0,49.09110299784852,-49.38124267760585,0.6241304004244393,0.2655163271274588,-1.137304488699558
0.374,-0.2998898185056574,3.866356001516575,13.85335843334232,0,49.19723394892902,-49.48748186547837,0.6233333921864268,0.2659195014586517,-1.126644806640381
0.376,-0.2992529377912291,3.841521327725868,13.89426128688546,0,49.30255269456165,-49.59287413083347,0.6225410678393826,0.2663179441741017,-1.115941822675375
0.378,-0.2986198757488864,3.816647316911294,13.934878506984,0,49.40706644492406,-49.69742718930951,0.6217534116721204,0.2667117099982932,-1.105197473038704
0.38,-0.2979906178441359,3.791737017663587,13.97521201264834,0,49.51078233350739,-49.80114867238223,0.6209704077317513,0.2671008530580098,-1.094413657702482
0.382,-0.2973651493967733,3.766793421885344,14.01526370820242,0,49.61370741812161,-49.90404612846311,0.6201920398328291,0.2674854268877904,-1.083592240922117
0.384,-0.2967434555869928,3.741819465633883,14.05503548345865,0,49.7158486818982,-50.0061270239913,0.6194182915662123,0.2678654844353689,-1.072735051779102
0.386,-0.2961255214615947,3.716818029953663,14.09452921388001,0,49.81721303421439,-50.10739874450714,0.6186491463078536,0.2682410780670171,-1.061843884709337
0.388,-0.2955113319397872,3.691791941694334,14.13374676074304,0,49.91780731166951,-50.20786859571244,0.6178845872271984,0.2686122595729472,-1.050920500031043
0.39,-0.2949008718189585,3.666743974318338,14.17268997130074,0,50.01763827901198,-50.30754380450215,0.6171245972955078,0.2689790801726574,-1.039966624467433
0.392,-0.2942941257802432,3.641676848696593,14.21136067893696,0,50.11671263007299,-50.40643151999589,0.6163691592938566,0.2693415905202642,-1.028983951660953
0.394,-0.2936910783940084,3.61659323389575,14.24976070331774,0,50.21503698866618,-50.50453881453963,0.6156182558210471,0.2696998407097954,-1.017974142678822
0.396,-0.293091714125257,3.591495747953453,14.28789185054917,0,50.31261790945391,-50.60187268470224,0.6148718693013242,0.2700538802804376,-1.006938826517693
0.398,-0.2924960173386787,3.566386958639372,14.32575591331581,0,50.40946187887077,-50.69844005225256,0.6141299819917362,0.2704037582218368,-0.9958796005972745
0.4,-0.291903972303818,3.5412693842127,14.36335467103049,0,50.50557531595343,-50.79424776512062,0.6133925759895306,0.2707495229792761,-0.9847980312493204
0.402,-0.2913155631999172,3.516145494161633,14.40068988997658,0,50.60096457321569,-50.88930259834666,0.612659633239187,0.2710912224589136,-0.9736956542022078
0.404,-0.2907307741207659,3.491017709936727,14.4377633234465,0,50.69563593747838,-50.98361125500636,0.6119311355394048,0.2714289040329344,-0.9625739750598369
0.406,-0.2901495890794117,3.465888405675141,14.47457671187797,0,50.78959563068337,-51.07718036714273,0.6112070645498368,0.2717626145446815,-0.9514344697679675
0.408,-0.289571992012655,3.440759908912833,14.51113178298868,0,50.88284981072549,-51.17001649665929,0.6104874017976842,0.2720924003137944,-0.9402785850815975
0.41,-0.2889979667854842,3.415634501285517,14.54743025190858,0,50.97540457225642,-51.26212613621468,0.609772128684086,0.272418307141305,-0.9291077390246706
0.412,-0.2884274971954655,3.390514419222207,14.58347382131029,0,51.06726594745506,-51.35351571010519,0.6090612264903996,0.2727403803146799,-0.9179233213412374
0.414,-0.2878605669769209,3.365401854628571,14.61926418153297,0,51.15843990681815,-51.44419157512156,0.6083546763843022,0.2730586646128649,-0.90672669394227
0.416,-0.2872971598050689,3.340298955563133,14.65480301070938,0,51.24893235991381,-51.53416002140752,0.6076524594257404,0.2733732043112678,-0.8955191913454574
0.418,-0.2867372592999484,3.315207826898305,14.69009197488968,0,51.33874915615527,-51.62342727329379,0.6069545565726818,0.2736840431867703,-0.8843021211121794
0.42,-0.2861808490303788,3.290130530978932,14.72513272815992,0,51.42789608552764,-51.71199949013039,0.6062609486867813,0.2739912245226382,-0.8730767642739242
0.422,-0.2856279125177406,3.265069088266634,14.75992691276076,0,51.51637887932272,-51.79988276709171,0.6055716165389008,0.2742947911134554,-0.8618443757564354
0.424,-0.2850784332396483,3.240025477979151,14.794476159205,0,51.60420321086408,-51.88708313598833,0.6048865408144232,0.274594785269996,-0.8506061847966256
0.426,-0.2845323946335643,3.215001638717397,14.82878208639016,0,51.69137469621457,-51.97360656604764,0.6042057021185078,0.2748912488240883,-0.8393633953540502
0.428,-0.2839897801002862,3.189999469086507,14.86284630171164,0,51.77789889487792,-52.05945896469949,0.603529080981144,0.2751842231334322,-0.8281171865159118
0.43,-0.2834505730073209,3.165020828305025,14.89667040117406,0,51.86378131049872,-52.14464617833651,0.6028566578620954,0.2754737490864069,-0.8168687128999851
0.432,-0.2829147566923073,3.140067536809136,14.93025596949951,0,51.9490273915127,-52.22917399307777,0.6021884131557578,0.2757598671068029,-0.8056191050459457
0.434,-0.2823823144661585,3.115141376849774,14.96360458023647,0,52.03364253183678,-52.31304813550432,0.6015243271958597,0.2760426171585616,-0.7943694698063014
0.436,-0.281853229616214,3.090244093075264,14.99671779586047,0,52.11763207153036,-52.39627427339971,0.6008643802599832,0.2763220387504815,-0.7831208907280688
0.438,-0.2813274854092924,3.065377393111698,15.02959716788217,0,52.20100129744343,-52.47885801647165,0.6002085525740356,0.2765981709408725,-0.7718744284331842
0.44,-0.2808050650946807,3.04054294813182,15.06224423694646,0,52.28375544385551,-52.56080491706307,0.5995568243165863,0.2768710523421926,-0.7606311209899969
0.442,-0.2802859519070114,3.015742393419348,15.0946605329326,0,52.36589969311095,-52.64212047085059,0.5989091756231035,0.2771407211256429,-0.7493919842807518
0.444,-0.2797701290691162,2.990977328922281,15.12684757505573,0,52.44743917622822,-52.72281011754402,0.5982655865900494,0.2774072150257317,-0.738158012363428
0.446,-0.279257579794721,2.966249319799154,15.15880687196138,0,52.52837897352848,-52.8028792415652,0.5976260372788544,0.2776705713448144,-0.7269301778296767
0.448,-0.2787482872911483,2.941559896959783,15.19053992182041,0,52.60872411522799,-52.88233317271858,0.5969905077198471,0.2779308269575866,-0.7157094321544378
0.45,-0.2782422347618504,2.916910557596541,15.22204821242333,0,52.68847958205011,-52.9611771868555,0.5963589779159931,0.2781880183155581,-0.7044967060443278
0.452,-0.2777394054089705,2.892302765708923,15.25333322127652,0,52.7676503057987,-53.03941650652629,0.595731427846613,0.2784421814514791,-0.6932929097804598
0.454,-0.2772397824357676,2.867737952620367,15.28439641569106,0,52.84624116994494,-53.11705630162079,0.5951078374709589,0.2786933519837479,-0.6820989335548849
0.456,-0.2767433490490626,2.843217517489745,15.3152392528732,0,52.92425701017881,-53.19410169000898,0.5944881867317227,0.2789415651207584,-0.6709156477998993
0.458,-0.2762500884614475,2.818742827813173,15.34586318001305,0,53.00170261500043,-53.27055773816495,0.5938724555583629,0.2791868556652503,-0.6597439035180871
0.46,-0.275759983893578,2.794315219919997,15.37626963437143,0,53.07858272626231,-53.3464294617791,0.5932606238704482,0.2794292580186067,-0.6485845326031574
0.462,-0.2752730185763501,2.76993599946281,15.40646004336452,0,53.15490203971943,-53.42172182636878,0.5926526715808463,0.279668806185111,-0.6374383481570861
0.464,-0.274789175753049,2.745606441899342,15.4364358246527,0,53.23066520555767,-53.49643974787839,0.5920485785988605,0.2799055337761769,-0.6263061448038912
0.466,-0.2743084386813748,2.721327792967968,15.46619838621969,0,53.30587682893862,-53.57058809327068,0.5914483248332255,0.2801394740145462,-0.6151886989968238
0.468,-0.2738307906354348,2.697101269156882,15.49574912645776,0,53.38054147052367,-53.64417168110087,0.5908518901950908,0.2803706597384602,-0.6040867693238881
0.47,-0.2733562149077541,2.672928058166427,15.52508943424835,0,53.45466364697386,-53.71719528210459,0.5902592546008596,0.2805991234057663,-0.5930010968048789
0.472,-0.2728846948110994,2.648809319365299,15.55422068904102,0,53.52824783147563,-53.78966361975427,0.5896703979749774,0.2808248970980318,-0.5819324051861949
0.474,-0.2724162136803128,2.624746184240929,15.58314426093552,0,53.60129845424167,-53.8615813708226,0.5890853002526202,0.2810480125245921,-0.5708814012330352
0.476,-0.2719507548740972,2.600739756843033,15.61186151075623,0,53.673819903006,-53.93295316592782,0.5885039413823413,0.2812685010265798,-0.5598487750136415
0.478,-0.2714883017767097,2.576791114218856,15.64037379013061,0,53.74581652352119,-54.00378359007483,0.5879263013286014,0.2814863935809292,-0.5488352001831651
0.48,-0.2710288377997384,2.552901306847453,15.66868244156593,0,53.81729262001075,-54.07407718320437,0.5873523600742645,0.281701720804296,-0.5378413342580458
0.482,-0.2705723463835978,2.529071359062452,15.69678879852322,0,53.88825245567953,-54.14383844070881,0.5867820976229654,0.2819145129570169,-0.5268678188922318
0.484,-0.2701188109991424,2.505302269473284,15.72469418549018,0,53.95870025317237,-54.21307181395331,0.5862154940014713,0.2821247999469818,-0.5159152801453302
0.486,-0.2696682151492643,2.481595011377417,15.75239991805605,0,54.02864019501578,-54.28178171079671,0.5856525292619569,0.2823326113334825,-0.504984328746774
0.488,-0.2692205423702643,2.457950533168086,15.77990730298119,0,54.09807642410369,-54.34997249608924,0.5850931834841735,0.2825379763310526,-0.4940755603579743
0.49,-0.2687757762333351,2.434369758736143,15.80721763826978,0,54.16701304413403,-54.41764849217636,0.5845374367775915,0.2827409238132416,-0.4831895558301136
0.492,-0.2683339003459591,2.410853587867041,15.83433221324017,0,54.23545412004885,-54.48481397939425,0.5839852692834673,0.2829414823163631,-0.4723268814566522
0.494,-0.2678948983532059,2.387402896631407,15.86125230859348,0,54.30340367848531,-54.55147319654756,0.5834366611768556,0.2831396800432265,-0.4614880892242383
0.496,-0.267458753939095,2.364018537769815,15.88797919648119,0,54.37086570819179,-54.61763034139661,0.5828915926685503,0.2833355448668111,-0.4506737170563782
0.498,-0.2670254508277674,2.340701341071564,15.91451414057332,0,54.4378441604775,-54.68328957112303,0.5823500440069442,0.2835291043339374,-0.4398842890581772
0.5,-0.2665949727848229,2.317452113752916,15.94085839612705,0,54.50434294959923,-54.74845500280169,0.5818119954799239,0.2837203856688528,-0.4291203157526653
0.502,-0.266167303618416,2.294271640823803,15.96701321004897,0,54.57036595320101,-54.81313071385921,0.5812774274165786,0.2839094157768382,-0.4183822943153098
0.504,-0.2657424271804082,2.271160685452018,15.99297982096175,0,54.6359170127198,-54.87732074252982,0.5807463201889135,0.2840962212477536,-0.4076707088061001
0.506,-0.2653203273674705,2.248119989322086,16.01875945926948,0,54.70099993378811,-54.9410290882981,0.5802186542135344,0.2842808283595633,-0.3969860303978128
0.508,-0.2649009881221604,2.225150272989918,16.04435334721774,0,54.76561848663193,-55.00425971234322,0.5796944099532477,0.284463263081813,-0.3863287175981438
0.51,-0.2644843934339458,2.202252236231281,16.06976269896067,0,54.8297764064627,-55.06701653797597,0.5791735679186116,0.2846435510790845,-0.3756992164726164
0.512,-0.2640705273402345,2.179426558386185,16.09498872062023,0,54.89347739385769,-55.1293034510693,0.5786561086694564,0.284821717714409,-0.3650979608598912
0.514,-0.2636593739272746,2.156673898698044,16.12003261034858,0,54.95672511515791,-55.19112430047812,0.5781420128163268,0.2849977880526638,-0.3545253725876217
0.516,-0.2632509173310938,2.133994896647395,16.14489555838595,0,55.01952320284446,-55.25248289846192,0.5776312610218709,0.2851717868639234,-0.3439818616813125
0.518,-0.2628451417384242,2.111390172282891,16.16957874712467,0,55.08187525589978,-55.31338302109465,0.5771238340022479,0.2853437386267781,-0.3334678265731733
0.52,-0.2624420313875424,2.088860326544195,16.19408335116634,0,55.1437848401843,-55.37382840867559,0.5766197125283981,0.2855136675316269,-0.3229836543067273
0.522,-0.2620415705691047,2.066405941584774,16.21841053737779,0,55.20525548879871,-55.43382276612734,0.5761188774273449,0.2856815974839307,-0.3125297207357995
0.524,-0.2616437436269661,2.044027581086041,16.24256146495302,0,55.26629070243557,-55.49336976339855,0.5756213095834021,0.2858475521074372,-0.302106390724412
0.526,-0.2612485349589392,2.021725790568969,16.26653728546907,0,55.32689394973632,-55.55247303584977,0.5751269899393773,0.2860115547473819,-0.2917140183412424
0.528,-0.2608559290175038,1.999501097700788,16.29033914294215,0,55.38706866764986,-55.61113618463788,0.5746358994976993,0.2861736284736533,-0.2813529470526098
0.53,-0.2604659103105702,1.977354012599882,16.3139681738825,0,55.44681826176424,-55.66936277710663,0.5741480193215225,0.2863337960839007,-0.2710235099088488
0.532,-0.260078463402135,1.95528502813023,16.33742550735096,0,55.50614610665406,-55.72715634715652,0.5736633305357791,0.2864920801066603,-0.2607260297321943
0.534,-0.2596935729129464,1.933294620198122,16.36071226501344,0,55.56505554621561,-55.78452039561552,0.5731818143282229,0.2866485028044096,-0.2504608193003973
0.536,-0.2593112235211437,1.91138324804162,16.38382956119539,0,55.62354989399459,-55.84145839061016,0.5727034519504008,0.2868030861766042,-0.2402281815253995
0.538,-0.2589313999628684,1.889551354514993,16.40677850293501,0,55.6816324335136,-55.89797376792151,0.5722282247186193,0.286955851962696,-0.2300284096320055
0.54,-0.258554087032806,1.867799366371294,16.4295601900354,0,55.73930641860644,-55.95406993134575,0.571756114014824,0.2871068216450998,-0.2198617873326938
0.542,-0.2581792695848275,1.846127694540511,16.45217571511842,0,55.79657507371357,-56.00975025304933,0.5712871012875191,0.2872560164521331,-0.2097285889983407
0.544,-0.2578069325324489,1.824536734401709,16.47462616367578,0,55.85344159421711,-56.06501807390919,0.5708211680525928,0.2874034573609491,-0.1996290798292687
0.546,-0.2574370608493547,1.803026866053251,16.49691261411942,0,55.90990914674853,-56.11987670386028,0.5703582958941198,0.2875491651004161,-0.1895635160205746
0.548,-0.2570696395699299,1.781598454578188,16.51903613783449,0,55.96598086948303,-56.17432942223752,0.5698984664651514,0.2876931601539698,-0.1795321449265992
0.55,-0.2567046537896639,1.760251850306999,16.54099779922843,0,56.02165987245986,-56.22837947810576,0.5694416614884473,0.2878354627624418,-0.1695352052237335
0.552,-0.2563420886656559,1.738987389076303,16.56279865577971,0,56.07694923786512,-56.28203009059241,0.5689878627572189,0.2879760929268535,-0.1595729270665827
0.554,-0.2559819294170115,1.717805392481632,16.58443975808931,0,56.13185202033352,-56.33528444920947,0.5685370521358092,0.288115070411196,-0.1496455322473594
0.556,-0.2556241613252173,1.69670616812914,16.605922149926,0,56.18637124724926,-56.38814571418114,0.5680892115603076,0.2882524147451595,-0.1397532343475147
0.5580000000000001,-0.2552687697345871,1.675690009883213,16.62724686827974,0,56.24050991901429,-56.44061701676108,0.5676443230392242,0.2883881452268422,-0.1298962388910463
0.5600000000000001,-0.2549157400525672,1.654757198108878,16.6484149434048,0,56.29427100935114,-56.49270145953874,0.5672023686540741,0.2885222809254457,-0.1200747434933776
0.5620000000000001,-0.2545650577501286,1.633907999912486,16.66942739887007,0,56.34765746556911,-56.54440211675876,0.5667633305599422,0.2886548406839161,-0.1102889380077254
0.5640000000000001,-0.2542167083620415,1.613142669379076,16.69028525160283,0,56.4006722088569,-56.59572203462005,0.5663271909860266,0.2887858431215736,-0.1005390046694545
0.5660000000000001,-0.2538706774872318,1.592461447804549,16.71098951193811,0,56.45331813454207,-56.64666423157743,0.5658939322361849,0.2889153066367156,-0.09082511823942858
0.5680000000000001,-0.2535269507890625,1.571864563925062,16.73154118366459,0,56.50559811236417,-56.69723169864609,0.5654635366893934,0.2890432494091801,-0.08114744614353413
0.5700000000000001,-0.25318551399558,1.551352234144441,16.75194126406665,0,56.55751498675064,-56.74742739969142,0.56503598680022,0.2891696894028908,-0.07150614860941587
0.5720000000000001,-0.252846352899798,1.530924662756901,16.77219074397334,0,56.60907157707108,-56.79725427171841,0.564611265099293,0.2892946443683757,-0.06190137880376076
0.5740000000000001,-0.2525094533599634,1.510582042167429,16.7922906078023,0,56.66027067789089,-56.84671522516373,0.564189354193718,0.2894181318452493,-0.05233328296409851
0.5760000000000001,-0.252174801299718,1.490324553107682,16.81224183360147,0,56.71111505924824,-56.89581314417102,0.5637702367674637,0.2895401691646826,-0.04280200053190748
0.578,-0.2518423827083534,1.470152364849615,16.83204539309661,0,56.76160746689148,-56.94455088687615,0.5633538955817519,0.2896607734518395,-0.03330766428063099
0.58,-0.2515121836409736,1.450065635414698,16.85170225173357,0,56.81175062254151,-56.99293128568294,0.5629403134753849,0.2897799616282835,-0.02385040044486485
0.582,-0.251184190218726,1.43006451178382,16.87121336871944,0,56.86154722412552,-57.04095714753487,0.5625294733651257,0.2898977504143553,-0.0144303288424208
0.584,-0.2508583886289212,1.410149130100616,16.89057969706664,0,56.91099994603378,-57.08863125418725,0.5621213582459696,0.2900141563315281,-0.005047562999413719
0.586,-0.2505347651252008,1.390319615870729,16.90980218363532,0,56.96011143935684,-57.13595636247294,0.5617159511914391,0.2901291957047486,0.004297789728643678
0.588,-0.2502133060276598,1.370576084162175,16.92888176917469,0,57.0088843321282,-57.18293520456068,0.5613132353538774,0.290242884664741,0.01360562803766838
0.59,-0.2498939977230028,1.350918639799745,16.94781938836377,0,57.05732122955331,-57.22957048821863,0.5609131939646969,0.2903552391502839,0.02287585655825256
0.592,-0.2495768266646296,1.331347377557881,16.96661596985404,0,57.10542471424802,-57.27586489706714,0.5605158103346188,0.2904662749104701,0.0321083857388573
0.594,-0.249261779372764,1.311862382350525,16.98527243630958,0,57.1531973464613,-57.32182109083698,0.5601210678538879,0.2905760075069307,0.04130313173375973
0.596,-0.2489488424345088,1.292463729417049,17.00378970444814,0,57.20064166431143,-57.36744170561797,0.5597289499924547,0.2906844523160448,0.05046001628958359
0.598,-0.2486380025039417,1.273151484506935,17.02216868507935,0,57.24776018400549,-57.41272935410137,0.5593394403001916,0.2907916245311263,0.05957896663671875
0.6,-0.2483292463021784,1.253925704060832,17.04041028314652,0,57.29455540006087,-57.45768662583082,0.55895252240703,0.2908975391645729,0.06865991538036295
0.602,-0.2480225606174017,1.234786435388621,17.05851539776494,0,57.34102978553127,-57.50231608743788,0.5585681800231153,0.2910022110500082,0.07770280039337324
0.604,-0.2477179323049403,1.215733716846491,17.07648492226042,0,57.38718579221386,-57.54662028288133,0.5581863969389615,0.2911056548443856,0.0867075647127656
0.606,-0.2474153482872587,1.196767578008858,17.09431974421,0,57.43302585087233,-57.59060173368222,0.557807157025545,0.2912078850300826,0.09567415643514998
0.608,-0.2471147955540384,1.177888039840538,17.11202074547837,0,57.47855237143498,-57.63426293915882,0.5574304442344303,0.2913089159169507,0.1046025286166155
0.61,-0.246816261162127,1.159095114863786,17.12958880225596,0,57.52376774321824,-57.67760637665314,0.5570562425978368,0.2914087616443678,0.1134926391727294
0.612,-0.2465197322355615,1.140388807324329,17.14702478509762,0,57.56867433512821,-57.72063450175958,0.5566845362287167,0.2915074361832465,0.1223444507792712
0.614,-0.2462251959655801,1.121769113354933,17.1643295589595,0,57.61327449585814,-57.76334974854702,0.5563153093208389,0.2916049533380347,0.1311579307771501
0.616,-0.2459326396105673,1.10323602113569,17.18150398323545,0,57.65757055410099,-57.80575452978062,0.55594854614881,0.2917013267486843,0.1399330510765214
0.618,-0.2456420504960558,1.084789511051662,17.19854891179523,0,57.70156481874043,-57.84785123713862,0.5555842310681292,0.2917965698926074,0.1486697880626964
0.62,-0.2453534160146818,1.066429555849435,17.21546519302077,0,57.74525957904977,-57.88964224143203,0.5552223485151934,0.2918906960865962,0.1573681225048256
0.622,-0.2450667236261567,1.048156120791071,17.23225366984157,0,57.78865710488267,-57.93112989281742,0.5548628830073183,0.2919837184887289,0.166028039466141
0.624,-0.2447819608571591,1.02996916380358,17.24891517977016,0,57.83175964688032,-57.97231652100309,0.5545058191427156,0.292075650100266,0.1746495282136754
0.626,-0.2444991153013505,1.011868635630333,17.26545055493924,0,57.87456943664019,-58.01320443546186,0.5541511416005164,0.2921665037674994,0.1832325821319372
0.628,-0.2442181746192695,0.9938544799762523,17.28186062213691,0,57.91708868691456,-58.0537959256357,0.5537988351407193,0.2922562921835982,0.1917771986354107
0.63,-0.2439391265382394,0.9759266336520381,17.2981462028398,0,57.95931959180052,-58.09409326113821,0.5534488846041474,0.2923450278904335,0.2002833790851123
0.632,-0.2436619588523107,0.9580850267170362,17.31430811324887,0,58.00126432691651,-58.13409869195626,0.5531012749124155,0.292432723280375,0.208751128705096
0.634,-0.2433866594221598,0.9403295826184792,17.33034716432539,0,58.04292504958575,-58.17381444864634,0.5527559910678712,0.2925193905980744,0.2171804564987486
0.636,-0.2431132161750113,0.92266021833006,17.34626416182289,0,58.08430389901084,-58.21324274253431,0.5524130181535255,0.2926050419422213,0.225571375171064
0.638,-0.2428416171044997,0.9050768444877604,17.36205990632188,0,58.12540299645978,-58.25238576590846,0.5520723413329589,0.2926896892672783,0.2339239010476761
0.64,-0.2425718502705951,0.8875793655234222,17.37773519326399,0,58.16622444543088,-58.29124569220782,0.5517339458502679,0.2927733443852094,0.2422380539971792
0.642,-0.2423039037994527,0.8701676797959018,17.39329081298473,0,58.20677033183496,-58.32982467621306,0.5513978170299395,0.292856018967176,0.2505138573543704
0.644,-0.2420377658833058,0.8528416797207258,17.40872755074653,0,58.24704272416302,-58.36812485423587,0.5510639402767427,0.2929377245452121,0.2587513378447855
0.646,-0.2417734247803486,0.835601251898939,17.42404618677278,0,58.28704367364964,-58.40614834429972,0.5507323010756486,0.2930184725138909,0.2669505255110277
0.648,-0.2415108688145779,0.8184462772418545,17.43924749627956,0,58.32677521444815,-58.44389724632651,0.5504028849916698,0.2930982741319589,0.2751114536393058
0.65,-0.2412500863756692,0.8013766310941598,17.4543322495086,0,58.36623936379083,-58.48137364231334,0.550075677669752,0.2931771405239678,0.283234158687431
0.652,-0.2409910659188143,0.7843921833566875,17.46930121175864,0,58.40543812215662,-58.51857959651399,0.5497506648346164,0.2932550826818686,0.291318680215029
0.654,-0.2407337959646092,0.767492798606292,17.48415514341801,0,58.444373473422,-58.5555171556145,0.5494278322906404,0.2933321114666007,0.2993650608143117
0.656,-0.2404782650988625,0.7506783362131075,17.49889479999613,0,58.4830473850298,-58.59218834890779,0.5491071659216757,0.2934082376096588,0.3073733460414568
0.658,-0.2402244619724097,0.733948650457386,17.51352093215345,0,58.52146180815379,-58.62859518846124,0.5487886516908971,0.293483471714644,0.3153435843495583
0.66,-0.2399723753010125,0.7173035906437913,17.52803428573554,0,58.55961867783699,-58.66473966929401,0.5484722756406394,0.2935578242587861,0.3232758270224189
0.662,-0.2397219938651402,0.7007430012136745,17.54243560180249,0,58.59751991315774,-58.70062376953982,0.5481580238922191,0.2936313055944659,0.3311701281100116
0.664,-0.2394733065098028,0.6842667218556198,17.55672561665859,0,58.6351674173817,-58.73624945061653,0.547845882645738,0.2937039259507047,0.3390265443651698
0.666,-0.2392263021443904,0.6678745876150374,17.57090506188496,0,58.67256307810612,-58.77161865738798,0.5475358381799219,0.2937756954346438,0.346845135179746
0.668,-0.238980969742464,0.6515664290012737,17.58497466436906,0,58.70970876741531,-58.80673331832893,0.5472278768518992,0.2938466240330038,0.3546259625239796
0.67,-0.2387372983415928,0.635342072094047,17.59893514633337,0,58.74660634202308,-58.84159534568562,0.5469219850970175,0.2939167216135219,0.3623690908862388
0.672,-0.238495277043145,0.6192013386460682,17.612787225368,0,58.78325764342094,-58.87620663563223,0.5466181494286321,0.2939859979263896,0.3700745872118114
0.674,-0.2382548950120871,0.6031440461862085,17.62653161445836,0,58.81966449802421,-58.91056906842748,0.5463163564378968,0.2940544626056577,0.3777425208455008
0.676,-0.2380161414768083,0.5871700081201343,17.64016902201362,0,58.85582871730968,-58.94468450857421,0.5460165927935372,0.2941221251706243,0.3853729634750118
0.678,-0.2377790057289065,0.5712790338294385,17.65370015189818,0,58.89175209795745,-58.97855480496944,0.5457188452416391,0.2941889950272159,0.3929659890728509
0.68,-0.2375434771229532,0.5554709287684872,17.66712570345933,0,58.92743642199884,-59.01218179105448,0.5454231006054069,0.2942550814693509,0.4005216738406972
0.6820000000000001,-0.2373095450763418,0.5397454945615155,17.6804463715573,0,58.96288345693809,-59.04556728496978,0.5451293457849485,0.2943203936802762,0.4080400961556329
0.6840000000000001,-0.2370771990690279,0.5241025290964956,17.69366284659209,0,58.99809495590199,-59.07871308969855,0.5448375677570264,0.2943849407339016,0.4155213365160543
0.6860000000000001,-0.2368464286433207,0.5085418266177153,17.70677581453297,0,59.03307265777176,-59.1116209932143,0.5445477535748168,0.2944487315961138,0.4229654774885543
0.6880000000000001,-0.2366172234036964,0.493063177817601,17.71978595694634,0,59.06781828730887,-59.14429276862754,0.5442598903676701,0.29451177512607,0.4303726036564546
0.6900000000000001,-0.2363895730165519,0.4776663699265321,17.73269395102455,0,59.10233355529187,-59.17673017432737,0.5439739653408593,0.2945740800774833,0.4377428015684111
0.6920000000000001,-0.2361634672099583,0.4623511868011866,17.74550046961196,0,59.13662015865413,-59.20893495412235,0.5436899657753097,0.2946356550998881,0.4450761596881523
0.6940000000000001,-0.2359388957734777,0.4471174090121666,17.75820618123403,0,59.17067978060006,-59.24090883738295,0.5434078790273611,0.2946965087398907,0.4523727683458162
0.6960000000000001,-0.2357158485579074,0.431964813928938,17.77081175012345,0,59.2045140907405,-59.27265353917876,0.5431276925284888,0.2947566494424079,0.4596327196892191
0.6980000000000001,-0.2354943154750634,0.4168931758042649,17.7833178362492,0,59.23812474521364,-59.30417076041622,0.5428493937850462,0.2948160855518894,0.4668561076359203
0.7000000000000001,-0.2352742864975287,0.4019022658575657,17.79572509534206,0,59.27151338681472,-59.33546218797014,0.5425729703780038,0.2948748253135295,0.4740430278266166
0.7020000000000001,-0.2350557516584364,0.3869918523560298,17.80803417892193,0,59.3046816451147,-59.36652949482293,0.5422984099626613,0.2949328768744538,0.4811935775795157
0.704,-0.2348387010512175,0.3721617006947697,17.82024573432444,0,59.33763113658545,-59.39737434019322,0.5420257002683787,0.2949902482849043,0.4883078558447322
0.706,-0.2346231248293481,0.3574115734751297,17.83236040472687,0,59.37036346472409,-59.42799836966562,0.5417548290982936,0.2950469474994074,0.4953859631597181
0.708,-0.234409013206143,0.3427412305832006,17.84437882917507,0,59.40288022016244,-59.45840321532488,0.5414857843290422,0.2951029823779185,0.5024280016067231
0.71,-0.2341963564544964,0.3281504292660736,17.85630164261027,0,59.43518298078891,-59.48859049588172,0.5412185539104759,0.2951583606869608,0.5094340747688153
0.712,-0.2339851449066293,0.3136389242062737,17.86812947589381,0,59.46727331186747,-59.51856181679839,0.5409531258653706,0.2952130901007531,0.5164042876882472
0.714,-0.233775368953833,0.2992064675958971,17.87986295583334,0,59.49915276615489,-59.54831877041237,0.5406894882891394,0.2952671782023224,0.5233387468248192
0.716,-0.233567019046234,0.2848528092090617,17.89150270520804,0,59.5308228840121,-59.57786293606353,0.540427629349532,0.2953206324845962,0.5302375600157431
0.718,-0.2333600856925501,0.2705776964733014,17.90304934279502,0,59.56228519351462,-59.60719588021497,0.5401675372863515,0.2953734603514904,0.537100836435234
0.72,-0.2331545594598239,0.2563808745394535,17.91450348339293,0,59.59354121056894,-59.6363191565741,0.5399092004111444,0.2954256691189812,0.5439286865559955
0.722,-0.2329504309731801,0.242262086351101,17.92586573784904,0,59.624592439019,-59.66523430621183,0.5396526071069163,0.2954772660161643,0.5507212221098925
0.724,-0.2327476909155529,0.2282210727120154,17.93713671308248,0,59.6554403707618,-59.69394285768284,0.5393977458278062,0.2955282581862962,0.5574785560505744
0.726,-0.2325463300274534,0.2142575723532718,17.94831701210989,0,59.68608648584824,-59.72244632713978,0.5391446050988125,0.2955786526878351,0.5642008025162653
0.728,-0.232346339106703,0.2003713219980869,17.95940723406992,0,59.71653225259347,-59.75074621845246,0.5388931735154634,0.2956284564954565,0.5708880767931149
0.73,-0.2321477090081654,0.1865620564271578,17.97040797424728,0,59.74677912768433,-59.77884402331758,0.5386434397435313,0.2956776765010693,0.5775404952797603
0.732,-0.2319504306434848,0.1728295085408788,17.9813198240967,0,59.77682855628666,-59.80674122137745,0.5383953925186898,0.2957263195148034,0.5841581754515938
0.734,-0.2317544949808503,0.1591734094225077,17.99214337126844,0,59.80668197214053,-59.83443928032712,0.5381490206462464,0.2957743922660047,0.5907412358261156
0.736,-0.2315598930447204,0.1455934883992061,18.00287919963009,0,59.83634079766838,-59.86193965602993,0.537904313000798,0.2958219014041992,0.597289795930193
0.738,-0.2313666159155613,0.1320894731018774,18.01352788929282,0,59.86580644407481,-59.88924379262478,0.5376612585259299,0.2958688535000596,0.6038039762652515
0.74,-0.2311746547295674,0.1186610895245825,18.02409001663302,0,59.89508031145244,-59.91635312263175,0.5374198462339028,0.2959152550463571,0.6102838982748804
0.742,-0.2309840006784245,0.105308062082043,18.0345661543165,0,59.92416378887424,-59.94326906706355,0.5371800652053311,0.2959611124588979,0.6167296843132676
0.744,-0.2307946450090343,0.09203011366789646,18.04495687132171,0,59.95305825449473,-59.96999303553198,0.5369419045888644,0.2960064320774446,0.6231414576135735
0.746,-0.2306065790232441,0.07882696570998171,18.05526273296257,0,59.98176507564894,-59.99652642634948,0.536705353600876,0.2960512201666403,0.6295193422566169
0.748,-0.2304197940775957,0.06569833822551778,18.06548430091212,0,60.01028560894444,-60.02287062663527,0.5364704015251422,0.2960954829169117,0.6358634631407768
0.75,-0.2302342815830485,0.05264394987547798,18.07562213322575,0,60.03862120035966,-60.04902701241644,0.5362370377125256,0.2961392264453639,0.6421739459513769
0.752,-0.2300500330047122,0.0396635180174751,18.0856767843626,0,60.06677318533891,-60.07499694873257,0.5360052515806366,0.2961824567966598,0.6484509171325112
0.754,-0.2298670398615847,0.0267567587585499,18.0956488052096,0,60.09474288888403,-60.10078178973273,0.535775032613533,0.2962251799438972,0.6546945038570902
0.756,-0.229685293726271,0.01392338700606109,18.10553874310233,0,60.12253162565086,-60.12638287877612,0.5355463703613823,0.2962674017894699,0.6609048339994505
0.758,-0.2295047862247405,0.001163116518459085,18.11534714184823,0,60.15014070003411,-60.15180154853056,0.5353192544401517,0.2963091281659199,0.667082036107376
0.76,-0.2293255090360541,-0.01152434004500751,18.12507454174923,0,60.17757140625842,-60.17703912107115,0.5350936745312794,0.296350364836778,0.6732262393751077
0.762,-0.2291474538920792,-0.02413927107582433,18.13472147962291,0,60.20482502847317,-60.20209690797584,0.534869620381341,0.2963911174973932,0.6793375736164347
0.764,-0.2289706125772292,-0.03668196596854294,18.14428848882403,0,60.23190284083919,-60.22697621041821,0.5346470818017383,0.2964313917757604,0.6854161692385129
0.766,-0.2287949769281901,-0.0491527150740258,18.15377609926679,0,60.25880610761763,-60.25167831926507,0.5344260486683567,0.2964711932333262,0.6914621572161512
0.768,-0.2286205388336858,-0.0615518096520942,18.1631848374475,0,60.28553608324734,-60.27620451517122,0.5342065109212591,0.296510527365788,0.697475669066923
0.77,-0.2284472902341583,-0.0738795418277652,18.17251522646407,0,60.31209401244497,-60.30055606866569,0.5339884585643488,0.2965493996038958,0.7034568368258667
0.772,-0.228275223121529,-0.08613620454568577,18.18176778603801,0,60.33848113028217,-60.3247342402469,0.5337718816650484,0.2965878153142267,0.7094057930217027
0.774,-0.2281043295389296,-0.09832209152702084,18.19094303253636,0,60.36469866226951,-60.34874028047249,0.5335567703539734,0.2966257797999617,0.7153226706525865
0.776,-0.227934601580424,-0.1104374972268222,18.20004147899195,0,60.39074782444276,-60.37257543004877,0.5333431148245993,0.2966632983016485,0.7212076031629657
0.778,-0.2277660313907528,-0.1224827167910591,18.20906363512377,0,60.41662982344247,-60.39624091991933,0.5331309053329436,0.2967003759979527,0.7270607244210866
0.78,-0.2275986111650607,-0.1344580460157821,18.21801000735973,0,60.44234585659536,-60.41973797135353,0.5329201321972343,0.2967370180064046,0.7328821686958124
0.782,-0.2274323331486164,-0.1463637813067654,18.22688109885569,0,60.46789711199936,-60.4430677960313,0.5327107857975809,0.2967732293841368,0.738672070634756
0.784,-0.2272671896365543,-0.1582002196390896,18.23567740951578,0,60.49328476860098,-60.46623159612784,0.5325028565756608,0.2968090151286122,0.7444305652430392
0.786,-0.2271031729736006,-0.1699676585188612,18.24439943601369,0,60.5185099962762,-60.48923056440172,0.5322963350343719,0.2968443801783384,0.7501577878615862
0.788,-0.2269402755538371,-0.1816663959442335,18.25304767181224,0,60.54357395590095,-60.51206588427781,0.53209121173753,0.2968793294135806,0.7558538741471307
0.79,-0.2267784898203821,-0.193296730368483,18.26162260718419,0,60.56847779944145,-60.53473872992756,0.531887477309525,0.296913867657065,0.7615189600505878
0.792,-0.2266178082651681,-0.204858960661992,18.27012472923151,0,60.59322267002047,-60.55725026635501,0.5316851224350059,0.2969479996746649,0.7671531817983864
0.794,-0.226458223428656,-0.2163533860770121,18.27855452190607,0,60.61780970199781,-60.57960164947732,0.531484137858545,0.296981730176088,0.7727566758720253
0.796,-0.2262997278995694,-0.2277803062110731,18.28691246602837,0,60.64224002104564,-60.6017940262037,0.531284514384325,0.2970150638155516,0.7783295789895746
0.798,-0.2261423143146328,-0.2391400209732607,18.29519903930884,0,60.66651474422183,-60.62382853451491,0.5310862428758114,0.2970480051924552,0.7838720280855788
0.8,-0.2259859753583092,-0.2504328305492676,18.30341471636518,0,60.69063498004389,-60.64570630354422,0.5308893142554223,0.297080558852033,0.7893841602941943
0.802,-0.2258307037625193,-0.2616590353680798,18.31155996874328,0,60.71460182856541,-60.66742845365355,0.5306937195042057,0.297112729286009,0.7948661129298553
0.804,-0.225676492306406,-0.2728189360691478,18.31963526493606,0,60.7384163814414,-60.68899609651278,0.5304994496615197,0.2971445209332395,0.800318023470372
0.806,-0.2255233338160355,-0.2839128334699544,18.32764107040204,0,60.7620797220088,-60.71041033517208,0.5303064958247107,0.297175938180353,0.8057400295390803
0.8080000000000001,-0.2253712211641634,-0.2949410285345984,18.33557784758605,0,60.78559292534957,-60.73167226414251,0.5301148491487842,0.2972069853623724,0.8111322688876407
0.8100000000000001,-0.2252201472699629,-0.3059038223422738,18.34344605593608,0,60.80895705836407,-60.7527829694683,0.5299245008460913,0.297237666763338,0.8164948793801939
0.8120000000000001,-0.2250701050987632,-0.3168015160570644,18.35124615192349,0,60.83217317983994,-60.77374352880186,0.5297354421860022,0.2972679866169182,0.8218279989762217
0.8140000000000001,-0.224921087661784,-0.3276344108985951,18.35897858906139,0,60.85524234052171,-60.79455501147569,0.5295476644945891,0.2972979491070221,0.8271317657148045
0.8160000000000001,-0.2247730880158791,-0.3384028081117337,18.36664381792201,0,60.87816558317866,-60.81521847857655,0.529361159154305,0.2973275583683881,0.8324063176996462
0.8180000000000001,-0.2246260992632764,-0.3491070089391148,18.37424228615719,0,60.90094394267136,-60.83573498301785,0.529175917603659,0.2973568184871808,0.8376517930826327
0.8200000000000001,-0.2244801145513151,-0.3597473145921954,18.38177443851512,0,60.92357844601992,-60.85610556960903,0.5289919313369058,0.2973857335015722,0.8428683300495654
0.8220000000000001,-0.2243351270721833,-0.3703240262240296,18.38924071685955,0,60.94607011247092,-60.87633127512625,0.5288091919037243,0.2974143074023187,0.8480560668045045
0.8240000000000001,-0.2241911300626745,-0.3808374449023152,18.3966415601873,0,60.96841995355904,-60.89641312838416,0.5286276909089,0.2974425441333307,0.8532151415566507
0.8260000000000001,-0.2240481168039177,-0.3912878715829439,18.40397740464658,0,60.99062897317526,-60.91635215030155,0.5284474200120162,0.2974704475922378,0.8583456925052093
0.8280000000000001,-0.2239060806211211,-0.401675607083807,18.41124868355482,0,61.01269816763077,-60.93614935397228,0.5282683709271292,0.2974980216309396,0.8634478578260373
0.8300000000000001,-0.2237650148833199,-0.4120009520601147,18.41845582741593,0,61.03462852572045,-60.95580574473284,0.528090535422452,0.2975252700561568,0.8685217756581473
0.8320000000000001,-0.2236249130031273,-0.4222642069787104,18.42559926393894,0,61.05642102878307,-60.97532232022778,0.5279139053200561,0.2975521966299757,0.8735675840903728
0.834,-0.2234857684364634,-0.4324656720942601,18.43267941805425,0,61.0780766507694,-60.99470007047699,0.5277384724955411,0.2975788050703794,0.8785854211484583
0.836,-0.2233475746823209,-0.4426056474256559,18.43969671193294,0,61.09959635829752,-61.01393997794118,0.5275642288777347,0.2976050990517832,0.8835754247819951
0.838,-0.2232103252825008,-0.4526844327317519,18.44665156500226,0,61.1209811107179,-61.03304301758727,0.5273911664483768,0.2976310822055502,0.8885377328529933
0.84,-0.2230740138213581,-0.4627023274893594,18.45354439396392,0,61.14223186017449,-61.0520101569517,0.5272192772418096,0.2976567581205123,0.8934724831227366
0.842,-0.2229386339255645,-0.4726596308706455,18.46037561281126,0,61.16334955166079,-61.07084235620528,0.5270485533446714,0.2976821303434795,0.8983798132404381
0.844,-0.2228041792638363,-0.4825566417211849,18.46714563284581,0,61.1843351230853,-61.08954056821462,0.5268789868955843,0.2977072023797427,0.9032598607313032
0.846,-0.2226706435467054,-0.4923936585386358,18.4738548626943,0,61.205189505325,-61.10810573860591,0.5267105700848519,0.2977319776935736,0.9081127629857125
0.848,-0.2225380205262669,-0.5021709794514202,18.4805037083256,0,61.22591362228494,-61.12653880582806,0.5265432951541464,0.2977564597087097,0.9129386572478688
0.85,-0.2224063039959192,-0.5118889021987965,18.48709257306754,0,61.24650839095854,-61.14484070121033,0.5263771543962112,0.2977806518088491,0.9177376806046718
0.852,-0.222275487790128,-0.5215477241102174,18.49362185762324,0,61.26697472148246,-61.16301234902541,0.5262121401545532,0.2978045573381235,0.9225099699754759
0.854,-0.2221455657841824,-0.5311477420861672,18.50009196008783,0,61.28731351719252,-61.18105466654846,0.5260482448231432,0.2978281796015776,0.9272556621017821
0.856,-0.2220165318939446,-0.5406892525787125,18.50650327596485,0,61.3075256746813,-61.19896856411703,0.5258854608461111,0.2978515218656322,0.9319748935367748
0.858,-0.2218883800756002,-0.5501725515728191,18.51285619818293,0,61.32761208385482,-61.21675494518891,0.5257237807174453,0.29787458735855,0.9366678006353445
0.86,-0.2217611043254322,-0.5595979345677994,18.51915111711109,0,61.34757362798393,-61.23441470640324,0.5255631969806905,0.2978973792708873,0.9413345195453214
0.862,-0.2216346986795608,-0.5689656965597197,18.52538842057578,0,61.36741118376272,-61.25194873763423,0.5254037022286555,0.2979199007559524,0.9459751861968632
0.864,-0.2215091572137114,-0.5782761320236365,18.5315684938764,0,61.38712562136057,-61.26935792205082,0.5252452891031106,0.2979421549302452,0.9505899362938863
0.866,-0.2213844740429731,-0.5875295348965354,18.53769171980133,0,61.40671780447578,-61.2866431361724,0.5250879502944943,0.2979641448739015,0.9551789053050923
0.868,-0.221260643321564,-0.5967261985605509,18.54375847864407,0,61.42618859038748,-61.30380524992491,0.524931678541619,0.2979858736311267,0.9597422284547786
0.87,-0.2211376592425778,-0.6058664158262347,18.54976914821833,0,61.44553883001186,-61.32084512669547,0.5247764666313772,0.2980073442106231,0.9642800407145702
0.872,-0.2210155160377706,-0.6149504789172812,18.55572410387398,0,61.46476936794843,-61.33776362338962,0.524622307398445,0.2980285595860174,0.9687924767953295
0.874,-0.2208942079772953,-0.6239786794546346,18.56162371851296,0,61.48388104253847,-61.35456159048277,0.5244691937249907,0.2980495226962777,0.9732796711379307
0.876,-0.2207737293694922,-0.6329513084410143,18.56746836260448,0,61.50287468590943,-61.37123987207598,0.5243171185403919,0.2980702364461302,0.9777417579063384
0.878,-0.2206540745606365,-0.6418686562464626,18.57325840419976,0,61.52175112403093,-61.38779930594862,0.5241660748209356,0.2980907037064646,0.9821788709793599
0.88,-0.220535237934715,-0.6507310125934284,18.57899420894794,0,61.54051117676146,-61.40424072361186,0.5240160555895353,0.2981109273147399,0.9865911439433696
0.882,-0.220417213913199,-0.6595386665427263,18.58467614011151,0,61.55915565789659,-61.42056495035943,0.5238670539154548,0.2981309100753867,0.9909787100845181
0.884,-0.2202999969547971,-0.6682919064796592,18.5903045585808,0,61.57768537522248,-61.43677280532015,0.5237190629140098,0.2981506547601974,0.9953417023817043
0.886,-0.2201835815552377,-0.676991020100727,18.59587982288919,0,61.59610113056138,-61.45286510151055,0.5235720757462841,0.2981701641087157,0.9996802534996926
0.888,-0.2200679622470278,-0.6856362944001575,18.60140228922817,0,61.61440371982282,-61.46884264588399,0.5234260856188491,0.2981894408286214,1.003994495781741
0.89,-0.2199531335992322,-0.6942280156578121,18.60687231146148,0,61.63259393304975,-61.48470623938108,0.5232810857834822,0.2982084875961138,1.008284561243482
0.892,-0.2198390902172492,-0.7027664694258497,18.61229024114074,0,61.6506725544649,-61.50045667698033,0.5231370695368887,0.2982273070562835,1.012550581565964
0.894,-0.2197258267425861,-0.7112519405170651,18.6176564275198,0,61.66864036251683,-61.51609474774685,0.5229940302204233,0.298245901823487,1.016792688089698
0.896,-0.2196133378526272,-0.7196847129920282,18.62297121756864,0,61.68649812992918,-61.53162123488311,0.5228519612198064,0.2982642744817033,1.02101101180875
0.898,-0.2195016182604082,-0.7280650701489531,18.62823495598852,0,61.70424662374625,-61.54703691577402,0.522710855964853,0.2982824275849091,1.025205683363956
0.9,-0.2193906627143903,-0.7363932945117044,18.63344798522563,0,61.72188660538009,-61.56234256203717,0.5225707079291895,0.2983003636574268,1.029376833037693
0.902,-0.2192804659982525,-0.7446696678189471,18.63861064548617,0,61.73941883065162,-61.57753893956993,0.5224315106299895,0.2983180851942817,1.03352459074784
0.904,-0.2191710229306638,-0.7528944710134714,18.64372327475063,0,61.7568440498369,-61.59262680859692,0.5222932576276952,0.2983355946615495,1.037649086042327
0.906,-0.2190623283650661,-0.7610679842316703,18.64878620878692,0,61.77416300771157,-61.60760692371569,0.5221559425257509,0.2983528944967014,1.041750448094096
0.908,-0.2189543771894409,-0.7691904867936559,18.65379978116533,0,61.79137644359763,-61.62248003394288,0.5220195589703271,0.2983699871089449,1.045828805695374
0.91,-0.2188471643261033,-0.7772622571934424,18.65876432327162,0,61.80848509140515,-61.63724688276044,0.5218841006500523,0.2983868748795581,1.049884287252869
0.912,-0.2187406847314914,-0.7852835730893142,18.66368016432139,0,61.8254896796732,-61.65190820816081,0.5217495612957511,0.2984035601622245,1.053917020782917
0.914,-0.218634933395939,-0.7932547112944726,18.66854763137385,0,61.84239093161556,-61.66646474269212,0.521615934680171,0.2984200452833582,1.057927133906566
0.916,-0.2185299053434668,-0.8011759477681486,18.67336704934564,0,61.85918956516188,-61.68091721350257,0.5214832146177208,0.298436332542429,1.06191475384485
0.918,-0.2184255956315668,-0.8090475576063635,18.67813874102377,0,61.87588629300028,-61.69526634238312,0.5213513949642121,0.2984524242122835,1.065880007414548
0.92,-0.2183219993509915,-0.8168698150343648,18.68286302707988,0,61.89248182261846,-61.70951284581375,0.5212204696165839,0.2984683225394593,1.069823021023608
0.922,-0.2182191116255394,-0.8246429933976768,18.68754022608303,0,61.90897685634585,-61.72365743500404,0.5210904325126533,0.2984840297445,1.07374392066705
0.924,-0.2181169276118439,-0.8323673651543033,18.69217065451346,0,61.92537209139481,-61.73770081593693,0.5209612776308511,0.2984995480222619,1.077642831922583
0.926,-0.2180154424991763,-0.8400432018670935,18.69675462677584,0,61.94166821989789,-61.75164368941252,0.5208329989899629,0.2985148795422189,1.08151987994705
0.928,-0.2179146515092238,-0.8476707741960086,18.70129245521263,0,61.95786592895153,-61.76548675108781,0.5207055906488759,0.2985300264487648,1.085375189471946
0.93,-0.2178145498958854,-0.8552503518911366,18.7057844501165,0,61.97396590065549,-61.77923069151997,0.5205790467063156,0.2985449908615088,1.089208884800335
0.9320000000000001,-0.2177151329450718,-0.8627822037853899,18.71023091974401,0,61.98996881215007,-61.79287619620634,0.5204533613006026,0.2985597748755733,1.09302108980305
0.9340000000000001,-0.2176163959744946,-0.8702665977877174,18.71463217032841,0,62.00587533565731,-61.80642394562656,0.5203285286093884,0.2985743805618792,1.096811927915035
0.9360000000000001,-0.217518334333462,-0.8777038008765966,18.7189885060918,0,62.02168613852017,-61.81987461528306,0.5202045428494049,0.2985888099674328,1.100581522132403
0.9380000000000001,-0.2174209434026812,-0.8850940790934601,18.72330022925911,0,62.03740188323858,-61.8332288757388,0.5200813982762268,0.2986030651156152,1.104329995008509
0.9400000000000001,-0.2173242185940532,-0.8924376975366841,18.7275676400702,0,62.05302322750915,-61.84648739266005,0.5199590891840076,0.2986171480064548,1.108057468651291
0.9420000000000001,-0.2172281553504727,-0.8997349203557796,18.73179103679242,0,62.06855082426255,-61.85965082685389,0.5198376099052383,0.2986310606169088,1.111764064720183
0.9440000000000001,-0.2171327491456233,-0.9069860107458051,18.73597071573339,0,62.08398532170236,-61.87271983430759,0.5197169548104962,0.2986448049011346,1.115449904422804
0.9460000000000001,-0.2170379954837914,-0.9141912309411313,18.74010697125368,0,62.09932736333855,-61.88569506622745,0.5195971183082101,0.2986583827907591,1.11911510851259
0.9480000000000001,-0.2169438898996595,-0.9213508422105127,18.7442000957786,0,62.11457758802729,-61.8985771690783,0.5194780948444022,0.2986717961951426,1.122759797286115
0.9500000000000001,-0.2168504279581042,-0.9284651048522768,18.74825037981111,0,62.12973663000817,-61.91136678461836,0.5193598789024563,0.2986850470016477,1.126384090579818
0.9520000000000001,-0.2167576052540208,-0.935534278188794,18.75225811194362,0,62.14480511893571,-61.92406454994047,0.5192424650028716,0.2986981370758943,1.129988107768521
0.9540000000000001,-0.2166654174121113,-0.9425586205620442,18.75622357887051,0,62.15978367991912,-61.93667109750642,0.5191258477030279,0.2987110682620205,1.133571967762302
0.9560000000000001,-0.2165738600866951,-0.9495383893288617,18.76014706539992,0,62.17467293355707,-61.94918705518464,0.5190100215969444,0.2987238423829343,1.137135789004455
0.9580000000000001,-0.2164829289615239,-0.9564738408567265,18.76402885446619,0,62.18947349597117,-61.96161304628806,0.5188949813150399,0.2987364612405635,1.140679689469166
0.96,-0.2163926197495823,-0.963365230519602,18.76786922714165,0,62.20418597884266,-61.97394968960942,0.5187807215238962,0.298748926616104,1.144203786659401
0.962,-0.2163029281929001,-0.9702128126938804,18.77166846264866,0,62.21881098944645,-61.98619759945692,0.5186672369260277,0.298761240270265,1.147708197604701
0.964,-0.2162138500623673,-0.9770168407543711,18.77542683837085,0,62.23334913068452,-61.99835738569008,0.5185545222596466,0.2987734039435112,1.151193038859761
0.966,-0.2161253811575387,-0.9837775670708512,18.77914462986554,0,62.24780100112145,-62.01042965375511,0.5184425722984285,0.2987854193562994,1.154658426502083
0.968,-0.2160375173064553,-0.9904952430042601,18.78282211087484,0,62.26216719501652,-62.02241500471949,0.5183313818512861,0.2987972882093162,1.158104476130398
0.97,-0.2159502543654567,-0.9971701189036792,18.78645955333794,0,62.27644830235672,-62.03431403530762,0.5182209457621353,0.2988090121837101,1.16153130286308
0.972,-0.2158635882189849,-1.003802444102936,18.79005722740202,0,62.29064490889326,-62.04612733793403,0.5181112589096655,0.2988205929413208,1.16493902133632
0.974,-0.2157775147794181,-1.010392466917605,18.793615401434,0,62.30475759616984,-62.05785550073772,0.5180023162071206,0.2988320321249091,1.168327745702842
0.976,-0.2156920299868849,-1.016940434642162,18.79713434203189,0,62.31878694155579,-62.06949910761632,0.5178941126020696,0.2988433313583794,1.171697589630465
0.978,-0.2156071298090645,-1.023446593547346,18.80061431403627,0,62.33273351828281,-62.0810587382583,0.5177866430761787,0.2988544922470027,1.175048666300306
0.98,-0.2155228102410286,-1.029911188877424,18.80405558054106,0,62.34659789547151,-62.09253496817743,0.5176799026449926,0.2988655163776348,1.178381088406248
0.982,-0.2154390673050518,-1.036334464848148,18.80745840290533,0,62.36038063816541,-62.103928368745,0.5175738863577108,0.2988764053189344,1.181694968153077
0.984,-0.2153558970504316,-1.042716664644091,18.81082304076396,0,62.37408230736263,-62.11523950722239,0.5174685892969666,0.2988871606215753,1.184990417255763
0.986,-0.2152732955533195,-1.049058030416488,18.81414975203897,0,62.38770346004488,-62.12646894679368,0.5173640065786109,0.298897783818458,1.188267546938369
0.988,-0.2151912589165296,-1.055358803281805,18.81743879294994,0,62.40124464921234,-62.13761724659618,0.5172601333514909,0.2989082764249211,1.191526467932909
0.99,-0.2151097832693811,-1.06161922331927,18.82069041802572,0,62.41470642390913,-62.14868496175409,0.5171569647972357,0.2989186399389445,1.194767290478683
0.992,-0.2150288647675095,-1.06783952956929,18.82390488011481,0,62.42808932925774,-62.15967264340875,0.5170544961300395,0.298928875841353,1.197990124321143
0.994,-0.2149484995926998,-1.074019960032087,18.82708243039621,0,62.44139390648738,-62.17058083874907,0.5169527225964504,0.2989389855960203,1.20119507871118
0.996,-0.2148686839527112,-1.080160751666251,18.83022331839013,0,62.4546206929643,-62.18141009104414,0.5168516394751498,0.2989489706500654,1.204382262404559
0.998,-0.2147894140811121,-1.086262140387283,18.83332779196902,0,62.46777022221979,-62.19216093967221,0.5167512420767518,0.2989588324340514,1.207551783661028
1,-0.2147106862371032,-1.092324361066185,18.83639609736741,0,62.48084302398124,-62.20283392015218,0.5166515257435841,0.2989685723621761,1.210703750244202
