"time","joint_angle_1","joint_angle_2","joint_angle_3","joint_angle_4","joint_angle_5","joint_angle_6","ee_x","ee_y","ee_z"
0,0,0,0,0,0,0,0,0,0
0.002,0,0,0,0,0,0,0,-0.452,0.8080000000000001
0.004,0.04265058350014722,-0.04945177598386638,0.004877012242616382,0.110877506950439,-0.3033211620189233,0,-0.0008728094595257242,-0.4519971761030533,0.807998235426667
0.006,0.1242959862004291,-0.1424211148335352,0.01404579525873518,0.2993692687661854,-0.7279707888454159,0,-0.001773825112251463,-0.4519843654402578,0.80798878577556
0.008,0.2441172507104969,-0.2410899283940929,-0.06933450224021374,0.9865109913921714,-1.707203429830491,0,-0.006709616685703012,-0.4519013159601439,0.807882815398096
0.01,0.3753430405941609,-0.4168650960415606,-0.1756600206730438,1.567957746875579,-2.405652803282672,0,-0.009416453388798667,-0.4517880997275412,0.8077436787917474
0.012,0.5229124158175366,-0.6442355487301517,-0.2894849338755394,2.079769253499389,-2.943634971615481,0,-0.01064634319114337,-0.4516638016724038,0.8076072874459741
0.014,0.6873726964432235,-0.913502222280667,-0.4072298805515026,2.543770759446054,-3.409603198570111,0,-0.01092910156657805,-0.4515243685533911,0.8074813111794976
0.016,0.8680426436516016,-1.218034976450884,-0.5273320943762532,2.973851779190343,-3.842404778356107,0,-0.0105372464022486,-0.4513638554792123,0.8073665227208865
0.018,1.063920691036108,-1.552532479895101,-0.6488444866754393,3.379397464763871,-4.258470299183596,0,-0.009621656115823307,-0.4511775189627636,0.8072619571270105
0.02,1.273913192124466,-1.91254029599951,-0.7711032887165155,3.766835867113141,-4.664705975157885,0,-0.00827615483334479,-0.4509617023521111,0.8071661854703972
0.022,1.496917141018527,-2.294237856094445,-0.8936075154316403,4.14058473537031,-5.064017074452662,0,-0.006566196765837081,-0.4507134594887846,0.8070776475769385
0.024,1.731857553061516,-2.69431338362015,-1.015962394384555,4.50368152638548,-5.457626657465643,0,-0.004541754837175237,-0.4504303188545653,0.8069947664469338
0.026,1.977706091089282,-3.109877953718832,-1.137848079074529,4.858213318479295,-5.846045980973911,0,-0.002243365441636301,-0.4501101676727164,0.8069160071832506
0.028,2.233490231940991,-3.538401219057937,-1.259000447782968,5.205612594943344,-6.229482595951253,0,0.000294834353996222,-0.4497511999934338,0.8068399138284956
0.03,2.498297079706633,-3.977660938260254,-1.379198492132283,5.546861280105539,-6.608013908142569,0,0.003043436927088548,-0.4493518926962168,0.8067651318011931
0.032,2.771273994602256,-4.425702081853903,-1.49825563110459,5.882631588873954,-6.981662266454768,0,0.005976750340798438,-0.44891099124862,0.8066904196435322
0.034,3.051627313264144,-4.880802955371097,-1.61601350380211,6.213383254216907,-7.350428179786375,0,0.009072123187174472,-0.4484274973196889,0.8066146531540381
0.036,3.338619958091851,-5.341446658683006,-1.732337389696943,6.539430621744702,-7.714305361956921,0,0.01230945971961475,-0.4479006553997874,0.8065368244371839
0.038,3.631568443818103,-5.806296722715566,-1.847112728570489,6.860988926065786,-8.073287662165271,0,0.01567085154834139,-0.447329937811358,0.8064560377670402
0.04,3.929839607189926,-6.274176094118633,-1.960242399718124,7.178206184762116,-8.427372242301013,0,0.01914028639900621,-0.4467150283652279,0.8063715035835436
0.042,4.232847265498592,-6.74404885838514,-2.071644536371736,7.491185157480019,-8.776560947510172,0,0.0227034110583499,-0.4460558051774435,0.8062825314962909
0.044,4.540048930909077,-7.215004241910561,-2.181250725490588,7.79999844319175,-9.120860772739071,0,0.02634733426472312,-0.4453523231707049,0.8061885228600266
0.046,4.850942654874015,-7.686242539588871,-2.289004491049587,8.104698836928394,-9.460283871092331,0,0.03006046010030688,-0.4446047966996453,0.8060889632804304
0.048,5.165064042735259,-8.157062689758456,-2.394859991770188,8.405326411498915,-9.794847327659722,0,0.03383234535573872,-0.4438135826411733,0.8059834152761195
0.05,5.481983457769924,-8.626851272039421,-2.498780884738828,8.701913338011479,-10.12457282012364,0,0.03765357616126027,-0.4429791641965075,0.8058715112345445
0.052,5.801303419274153,-9.095072745149333,-2.60073932204388,8.994487145759308,-10.44948622968963,0,0.04151566041053097,-0.4421021355727764,0.8057529467449867
0.054,6.122656191669411,-9.561260771397768,-2.700715056145548,9.283072905695972,-10.76961724107007,0,0.04541093332592345,-0.4411831876474065,0.8056274743539997
0.056,6.445701556631793,-10.0250104983549,-2.798694636556138,9.567694672383865,-11.08499895265987,0,0.04933247411107831,-0.4402230946695848,0.805494897764347
0.058,6.770124757823397,-10.48597168671521,-2.894670685146308,9.848376417400587,-11.39566750483388,0,0.05327403207736927,-0.4392227020180065,0.8053550664807489
0.06,7.095634606596046,-10.94384258821637,-2.988641240198568,10.12514261480367,-11.70166173224677,0,0.05722996093238153,-0.4381829150048859,0.805207870894733
0.062,7.421961736759458,-11.39836448992621,-3.080609161354383,10.39801858955225,-12.00302284332005,0,0.06119516015533736,-0.4371046886958901,0.8050532377933592
0.064,7.748856997077194,-11.84931685102544,-3.170581589058763,10.66703070656651,-12.29979412559442,0,0.0651650225735167,-0.4359890187038511,0.8048911262704422
0.066,8.076089970024277,-12.29651296761837,-3.258569453222629,10.93220645245895,-12.59202067822494,0,0.06913538738335279,-0.4348369329022798,0.8047215240176421
0.068,8.403447606758601,-12.73979610791928,-3.344587026840269,11.1935744479596,-12.87974916609442,0,0.07310249799240529,-0.4336494840033222,0.8045444439686998
0.07000000000000001,8.730732968469654,-13.17903606710098,-3.428651520225618,11.45116441522228,-13.1630275988169,0,0.0770629641164125,-0.4324277429366178,0.8043599212714635
0.07200000000000001,9.057764065408195,-13.614126096369,-3.510782712535291,11.705007117663,-13.44190512923342,0,0.08101372767149177,-0.4311727929699001,0.8041680105612082
0.074,9.384372785117614,-14.04498016638932,-3.591002617580877,11.95513428386796,-13.71643187121278,0,0.08495203204161966,-0.4298857245095016,0.8039687835102778
0.076,9.710403902875829,-14.47153052866586,-3.669335180641613,12.20157852361666,-13.98665873524384,0,0.08887539435957179,-0.428567630522509,0.8037623266290999
0.078,10.03571416696697,-14.89372554352362,-3.745806004222291,12.44437324070185,-14.25263727923326,0,0.09278158048708413,-0.4272196025242457,0.8035487392965667
0.08,10.36017145306158,-15.31152774566953,-3.820442099896294,12.68355254676136,-14.51441957429549,0,0.09666858240724974,-0.425842727077907,0.8033281319970069
0.082,10.68365398180016,-15.72491212205034,-3.89327166424081,12.91915117761347,-14.77205808326326,0,0.100534597784621,-0.4244380827569002,0.8031006247444639
0.08400000000000001,11.00604959442058,-16.13386457928108,-3.964323876794037,13.15120441347473,-15.02560555151842,0,0.1043780114681657,-0.4230067375231581,0.8028663456757773
0.08600000000000001,11.32725508178978,-16.53838058029075,-4.033628718194665,13.37974800402157,-15.27511490819589,0,0.1081973787433151,-0.4215497464792337,0.8026254297951531
0.08799999999999999,11.64717556256048,-16.93846393197514,-4.101216806659819,13.60481809843678,-15.52063917750695,0,0.1119914101546986,-0.4200681499545769,0.8023780178549089
0.09,11.96572390640647,-17.33412570780016,-4.167119251380327,13.82645118022888,-15.76223139910212,0,0.1157589577436569,-0.4185629718898637,0.8021242553588458
0.092,12.28282019895071,-17.72538329064848,-4.231367521160192,14.04468400737955,-15.99994455626032,0,0.1194990025610843,-0.4170352184873829,0.8018642916744704
0.094,12.59839124503524,-18.11225952309245,-4.29399332711148,14.25955355717539,-16.23383151132604,0,0.1232106433299775,-0.4154858770972579,0.8015982792433092
0.096,12.91237010733117,-18.49478195348989,-4.355028518126255,14.4710969755491,-16.46394494775528,0,0.1268930861446029,-0.4139159153127474,0.8013263728788576
0.098,13.22469567757087,-18.87298216756204,-4.414504987793856,14.67935153033415,-16.69033731933535,0,0.1305456351019272,-0.4123262802496575,0.8010487291432423
0.1,13.53531227788467,-19.24689519626285,-4.472454592052569,14.88435456870554,-16.91306080337425,0,0.1341676837838504,-0.4107178979895018,0.8007655057935057
0.102,13.84416929012287,-19.61655899147981,-4.528909076254932,15.08614347851421,-17.13216725950187,0,0.1377587075005204,-0.4090916731658473,0.8004768612900773
0.104,14.15122081088618,-19.98201396235302,-4.583900010861989,15.28475565240574,-17.34770819364285,0,0.1413182562232416,-0.4074484886758464,0.8001829543618694
0.106,14.45642533026315,-20.34330256578695,-4.637458735270764,15.48022845544393,-17.5597347248046,0,0.1448459481467747,-0.4057892055023475,0.7998839436208088
0.108,14.75974543285655,-20.70046894476691,-4.689616308375156,15.67259919536,-17.76829755695512,0,0.1483414638132051,-0.4041146626315357,0.7995799872211002
0.11,15.06114751911169,-21.05355860972901,-4.740403465834979,15.86190509547898,-17.97344695338236,0,0.1518045407519442,-0.4024256770541788,0.799271242558385
0.112,15.36060154567233,-21.40261815797605,-4.789850583045358,16.04818327002264,-18.17523271428613,0,0.1552349685843362,-0.4007230438391682,0.7989578660044611
0.114,15.6580807833339,-21.74769502704548,-4.837987643230842,16.23147070161409,-18.37370415796477,0,0.1586325845471725,-0.399007536268983,0.7986400126739223
0.116,15.95356159125929,-22.08883727829857,-4.884844210454201,16.41180422065397,-18.5689101031452,0,0.1619972694045393,-0.3972799060293306,0.798317836219383
0.118,16.24702320640494,-22.42609340735774,-4.930449406702566,16.58922048663632,-18.76089885505753,0,0.1653289437018582,-0.3955408834437151,0.7979914886523117
0.12,16.53844754701225,-22.75951217838343,-4.974831892809569,16.76375597111408,-18.94971819268826,0,0.1686275643398404,-0.3937911777474074,0.7976611201865313
0.122,16.82781902915585,-23.08914247959438,-5.018019852861189,16.93544694217692,-19.13541535821406,0,0.1718931214344791,-0.3920314773938166,0.7973268791024749
0.124,17.11512439553784,-23.41503319754114,-5.060040981505629,17.10432945041277,-19.31803704839963,0,0.1751256354381905,-0.3902624503881692,0.796988911629576
0.126,17.40035255555944,-23.73723310809943,-5.10092247412859,17.27043931608989,-19.49762940691185,0,0.1783251545014861,-0.388484744643987,0.7966473618452601
0.128,17.68349443591698,-24.05579078232714,-5.140691019411396,17.43381211757237,-19.67423801890935,0,0.1814917520483956,-0.3866989883573884,0.7963023715888853
0.13,17.96454284102623,-24.37075450540788,-5.179372794050681,17.59448318080121,-19.84790790639194,0,0.1846255245522302,-0.3849057903963867,0.7959540803888148
0.132,18.24349232260348,-24.68217220717399,-5.216993459407796,17.75248756977642,-20.01868352475217,0,0.1877265894916345,-0.3831057407016329,0.7956026254015055
0.134,18.52033905775594,-24.99009140294741,-5.253578159852172,17.90786007802843,-20.18660876064472,0,0.1907950834706111,-0.3812994106955748,0.7952481413613043
0.136,18.79508073501976,-25.29455914344549,-5.289151522655297,18.06063522091082,-20.35172693040288,0,0.1938311604909267,-0.3794873536979197,0.794890760539874
0.138,19.06771644780936,-25.59562197270351,-5.323737659156819,18.21084722876708,-20.51408077971134,0,0.1968349903606863,-0.3776701053449405,0.7945306127142349
0.14,19.33824659471799,-25.89332589311767,-5.357360167197776,18.35853004050908,-20.67371248382162,0,0.1998067572304373,-0.3758481840107113,0.7941678251431037
0.142,19.60667278634419,-26.1877163366528,-5.390042134454543,18.50371729824797,-20.83066364882391,0,0.2027466582428523,-0.3740220912289026,0.7938025225497155
0.144,19.87299775812003,-26.47883814152321,-5.421806142769245,18.64644234246562,-20.9849753127658,0,0.2056549022913455,-0.3721923121139263,0.7934348271109395
0.146,20.13722528870918,-26.76673553377114,-5.45267427321552,18.78673820759228,-21.13668794830702,0,0.2085317088723573,-0.3703593157792065,0.793064858452587
0.148,20.39936012368509,-27.05145211300211,-5.482668111826273,18.92463761817516,-21.28584146546748,0,0.2113773070282083,-0.3685235557525492,0.7926927336496089
0.15,20.65940790414902,-27.33303084179678,-5.51180875592418,19.06017298572995,-21.43247521448996,0,0.2141919343727745,-0.3666854703875695,0.7923185672305437
0.152,20.91737509987692,-27.61151403839468,-5.540116820937237,19.19337640585217,-21.57662798959147,0,0.2169758361906982,-0.364845483269867,0.7919424711865302
0.154,21.1732689467946,-27.8869433721382,-5.567612447566599,19.32427965581875,-21.7183380331404,0,0.2197292646054846,-0.3630040036177207,0.7915645549838853
0.156,21.42709738841817,-28.15935986142188,-5.594315309399466,19.45291419251914,-21.85764303975812,0,0.2224524778129194,-0.3611614266766736,0.7911849255800396
0.158,21.67886902104461,-28.42880387373791,-5.620244620793986,19.57931115090112,-21.99458016081613,0,0.2251457393721137,-0.3593181341076844,0.7908036874422882
0.16,21.92859304252535,-28.69531512745036,-5.645419144884823,19.70350134265615,-22.12918600930437,0,0.2278093175505431,-0.3574744943683428,0.7904209425692407
0.162,22.17627920417271,-28.95893269533418,-5.669857201926079,19.82551525511655,-22.26149666517235,0,0.2304434847177891,-0.3556308630864324,0.790036790515063
0.164,22.42193776592205,-29.2196950092188,-5.693576677611172,19.94538305075231,-22.39154768023768,0,0.2330485167873985,-0.3537875834268026,0.7896513284149509
0.166,22.66557945421311,-29.47763986597325,-5.716595031608993,20.06313456664757,-22.51937408386835,0,0.2356246926991379,-0.3519449864499021,0.7892646510132417
0.168,22.90721542261929,-29.7328044343826,-5.738929306146149,20.17879931435006,-22.64501038849561,0,0.238172293941417,-0.3501033914628226,0.7888768506928762
0.17,23.14685721502056,-29.98522526279957,-5.760596134562235,20.2924064799333,-22.76849059539957,0,0.2406916041095142,-0.3482631063624715,0.7884880175063095
0.172,23.38451673109864,-30.23493828752397,-5.781611749927707,20.40398492429371,-22.88984820051035,0,0.2431829084975864,-0.3464244279707878,0.7880982392076736
0.174,23.62020619407157,-30.48197884170133,-5.801991993638191,20.51356318370204,-23.00911620023629,0,0.2456464937217866,-0.3445876423620865,0.7877076012859492
0.176,23.85393812045979,-30.72638166471816,-5.821752323990554,20.6211694704033,-23.12632709751629,0,0.2480826473718311,-0.3427530251822383,0.7873161869993396
0.178,24.08572529185239,-30.96818091186789,-5.84090782465016,20.72683167354857,-23.24151290788115,0,0.2504916576889843,-0.340920841960197,0.7869240774101771
0.18,24.31558072843477,-31.20741016436743,-5.859473213080849,20.83057736012604,-23.35470516569917,0,0.2528738132686,-0.3390913484113898,0.7865313514207912
0.182,24.54351766428849,-31.44410243949068,-5.877462848879094,20.93243377627132,-23.46593493004901,0,0.2552294027866087,-0.3372647907337125,0.7861380858094528
0.184,24.76954952423154,-31.6782902009357,-5.894890742025292,21.03242784855618,-23.5752327911184,0,0.2575587147456825,-0.3354414058953573,0.785744355267205
0.186,24.99368990217735,-31.91000536921743,-5.911770561042855,21.13058618537559,-23.68262887613144,0,0.2598620372429873,-0.3336214219152905,0.7853502324349011
0.188,25.21595254091468,-32.13927933211296,-5.928115641003492,21.22693507859714,-23.78815285583556,0,0.262139657753741,-0.3318050581360696,0.7849557879405521
0.19,25.43635131319005,-32.36614295510887,-5.943938991427234,21.3215005051966,-23.89183395052973,0,0.2643918629340459,-0.3299925254893524,0.7845610904367578
0.192,25.6549002040439,-32.59062659179136,-5.959253304060486,21.41430812908749,-23.99370093618346,0,0.2666189384387361,-0.3281840267541768,0.7841662066382383
0.194,25.87161329429461,-32.81276009419081,-5.974070960524713,21.50538330299331,-24.0937821505908,0,0.2688211687539018,-0.3263797568080031,0.7837712013594826
0.196,26.08650474511631,-33.03257282304563,-5.988404039811358,21.59475107046458,-24.19210549966064,0,0.2709988370424185,-0.3245799028707084,0.7833761375523413
0.198,26.29958878363912,-33.25009365792121,-6.002264325637297,21.68243616784165,-24.28869846345234,0,0.2731522250033514,-0.3227846447417605,0.7829810763436204
0.2,26.51087968951214,-33.46535100721963,-6.01566331369484,21.7684630265088,-24.38358810200015,0,0.2752816127434545,-0.3209941550308168,0.7825860770721749
0.202,26.72039178236405,-33.67837281803438,-6.02861221870706,21.8528557750454,-24.47680106160247,0,0.2773872786580351,-0.3192085993814873,0.7821911973262903
0.204,26.92813941012923,-33.88918658582718,-6.041121981328819,21.93563824155733,-24.56836358075088,0,0.2794694993232679,-0.3174281366888809,0.7817964929804531
0.206,27.13413693811236,-34.0978193639962,-6.053203274990619,22.01683395588967,-24.65830149601109,0,0.2815285493982319,-0.3156529193106111,0.7814020182322491
0.208,27.33839873885032,-34.30429777320813,-6.064866512497469,22.09646615206207,-24.74664024799295,0,0.2835647015351658,-0.3138830932718809,0.7810078256386424
0.21,27.54093918265291,-34.5086480105807,-6.076121852534843,22.17455777072859,-24.83340488710099,0,0.2855782262987261,-0.3121187984645182,0.7806139661519216
0.212,27.74177262879324,-34.71089585866384,-6.086979206023674,22.25113146158954,-24.91862007931477,0,0.2875693920927345,-0.3103601688401292,0.7802204891554809
0.214,27.94091341734626,-34.91106669421757,-6.097448242281074,22.32620958599507,-25.00231011205868,0,0.2895384650934342,-0.308607332597631,0.7798274424989892
0.216,28.13837586156816,-35.10918549682609,-6.107538395120932,22.39981421947312,-25.0844988995878,0,0.2914857091912871,-0.3068604123652099,0.7794348725331598
0.218,28.33417424084087,-35.30527685728631,-6.11725886874232,22.47196715426279,-25.16520998878669,0,0.293411385937207,-0.3051195253767961,0.7790428241443413
0.22,28.52832279410739,-35.49936498584157,-6.126618643523677,22.54268990191911,-25.24446656469882,0,0.295315754495434,-0.3033847836432732,0.7786513407884971
0.222,28.72083571380555,-35.69147372018686,-6.135626481635079,22.61200369600103,-25.32229145599333,0,0.2971990716017863,-0.3016562941187172,0.7782604645245688
0.224,28.91172714022484,-35.88162653331472,-6.144290932583295,22.67992949464551,-25.39870714028518,0,0.2990615915274666,-0.2999341588614364,0.7778702360476222
0.226,29.10101115633307,-36.06984654111643,-6.152620338524563,22.74648798336524,-25.47373574956853,0,0.3009035660466287,-0.2982184751904371,0.7774806947211672
0.228,29.28870178295652,-36.25615650984605,-6.16062283951805,22.8116995776961,-25.54739907544208,0,0.3027252444092172,-0.2965093358369434,0.7770918786092048
0.23,29.47481297432584,-36.44057886340106,-6.168306378656455,22.87558442580394,-25.61971857437005,0,0.3045268733175429,-0.2948068290912546,0.7767038245079323
0.232,29.65935861400304,-36.62313569038015,-6.175678707015075,22.93816241125921,-25.69071537283155,0,0.3063086969066476,-0.2931110389454007,0.7763165679765891
0.234,29.84235251112823,-36.80384875097389,-6.182747388499001,22.9994531558298,-25.76041027229645,0,0.3080709567286267,-0.291422045231471,0.7759301433677156
0.236,30.02380839695633,-36.98273948371268,-6.189519804588835,23.05947602214732,-25.8288237543294,0,0.3098138917397726,-0.2897399237554583,0.7755445838572201
0.238,30.20373992170146,-37.15982901198753,-6.196003158934766,23.1182501164187,-25.89597598549559,0,0.3115377382911613,-0.2880647464272528,0.7751599214737613
0.24,30.38216065163152,-37.3351381504615,-6.202204481862672,23.17579429121069,-25.96188682223408,0,0.3132427301219529,-0.2863965813865831,0.7747761871274863
0.242,30.55908406643439,-37.50868741126733,-6.208130634746417,23.23212714812614,-26.02657581563766,0,0.314929098355592,-0.2847354931250953,0.7743934106384027
0.244,30.73452355681832,-37.68049701006608,-6.21378831426517,23.28726704059874,-26.09006221622444,0,0.3165970714980713,-0.2830815426047706,0.7740116207640382
0.246,30.90849242232793,-37.85058687194939,-6.219184056557733,23.3412320765778,-26.15236497865512,0,0.3182468754386478,-0.2814347873726039,0.7736308452267412
0.248,31.08100386937579,-38.01897663718808,-6.224324241280111,23.39404012125629,-26.21350276621995,0,0.3198787334532959,-0.2797952816718031,0.7732511107402639
0.25,31.25207100947391,-38.18568566680813,-6.229215095532647,23.44570879978387,-26.27349395540722,0,0.3214928662094715,-0.2781630765496414,0.7728724430359223
0.252,31.42170685763712,-38.35073304806362,-6.233862697716051,23.49625549999388,-26.3323566403867,0,0.3230894917728312,-0.2765382199618819,0.7724948668881809
0.254,31.58992433097897,-38.5141375997296,-6.238272981246124,23.54569737514755,-26.39010863745705,0,0.3246688256154842,-0.2749207568741125,0.7721184061396555
0.256,31.75673624745511,-38.67591787727228,-6.242451738209501,23.59405134657954,-26.44676748926464,0,0.3262310806266298,-0.273310729359836,0.7717430837256462
0.258,31.92215532474946,-38.83609217790016,-6.246404622920249,23.64133410634853,-26.50235046920162,0,0.327776467123577,-0.2717081766955147,0.7713689216983075
0.26,32.08619417931527,-38.99467854546739,-6.250137155361999,23.68756211994622,-26.55687458552047,0,0.3293051928649759,-0.2701131354528257,0.7709959412499692
0.262,32.24886532555156,-39.15169477524542,-6.253654724556249,23.73275162890893,-26.61035658549924,0,0.3308174630648635,-0.2685256395879332,0.7706241627362328
0.264,32.41018117510067,-39.30715841859431,-6.256962591828994,23.77691865354306,-26.66281295956781,0,0.3323134804076224,-0.2669457205281132,0.7702536056983144
0.266,32.57015403625514,-39.46108678749357,-6.260065894009334,23.82007899548532,-26.7142599452389,0,0.333793445064698,-0.2653734072556154,0.7698842888850731
0.268,32.72879611347258,-39.61349695897749,-6.262969646535382,23.86224824029611,-26.76471353114427,0,0.3352575547115704,-0.2638087263889115,0.7695162302745594
0.27,32.88611950700753,-39.76440577943902,-6.265678746482808,23.90344176011666,-26.81418946083584,0,0.3367060045461002,-0.2622517022615496,0.7691494470948605
0.272,33.04213621262333,-39.91382986883331,-6.26819797549515,23.94367471618817,-26.86270323671758,0,0.3381389873072048,-0.2607023569984458,0.7687839558447285
0.274,33.19685812140152,-40.06178562477465,-6.270532002657043,23.98296206144622,-26.91027012373399,0,0.3395566932947807,-0.2591607105898964,0.7684197723135002
0.276,33.3502970196249,-40.2082892265359,-6.272685387288782,24.02131854304021,-26.9569051531602,0,0.3409593103897153,-0.2576267809632401,0.7680569116007603
0.278,33.50246458874386,-40.3533566389458,-6.27466258167618,24.0587587048547,-27.00262312614722,0,0.3423470240752494,-0.2561005840523077,0.7676953881353645
0.28,33.65337240541366,-40.49700361619319,-6.276467933706835,24.09529689002638,-27.0474386174244,0,0.3437200174579975,-0.2545821338647439,0.7673352156941243
0.282,33.80303194159416,-40.63924570553232,-6.278105689457422,24.13094724338751,-27.09136597879515,0,0.3450784712901015,-0.2530714425472032,0.766976407420048
0.284,33.9514545647254,-40.7800982508936,-6.279579995686402,24.1657237139829,-27.13441934266282,0,0.3464225639913564,-0.2515685204486242,0.7666189758400254
0.286,34.09865153795312,-40.91957639640623,-6.280894902287211,24.19964005750626,-27.17661262535918,0,0.3477524716723396,-0.2500733761814826,0.7662629328821107
0.288,34.24463402039369,-41.0576950898601,-6.28205436467559,24.23270983865381,-27.21795953062908,0,0.3490683681571934,-0.2485860166810262,0.7659082898926052
0.29,34.38941306747731,-41.19446908605202,-6.283062246099921,24.26494643359822,-27.25847355289582,0,0.3503704250070587,-0.2471064472628829,0.7655550576524075
0.292,34.53299963131151,-41.32991295007802,-6.283922319912046,24.29636303232782,-27.29816798049869,0,0.3516588115438948,-0.2456346716787288,0.7652032463931351
0.294,34.67540456110918,-41.46404106052299,-6.284638271747302,24.32697264100915,-27.33705589895758,0,0.3529336948741245,-0.2441706921703133,0.7648528658128245
0.296,34.81663860363594,-41.59686761260058,-6.285213701679251,24.35678808431069,-27.37515019417135,0,0.3541952399124911,-0.2427145095217631,0.7645039250912914
0.298,34.95671240370574,-41.7284066212134,-6.285652126314648,24.38582200772818,-27.41246355541393,0,0.3554436094067138,-0.2412661231102597,0.7641564329049212
0.3,35.09563650471394,-41.85867192392091,-6.285956980811808,24.41408687985782,-27.4490084784769,0,0.3566789639614279,-0.2398255309552019,0.7638103974413055
0.302,35.23342134920031,-41.98767718385836,-6.286131620847049,24.44159499469133,-27.48479726871707,0,0.3579014620624335,-0.2383927297658303,0.7634658264133605
0.304,35.37007727942358,-42.1154358925974,-6.286179324579387,24.46835847381682,-27.51984204387822,0,0.3591112601017197,-0.2369677149872775,0.7631227270731332
0.306,35.50561453799379,-42.24196137290711,-6.286103294485671,24.49438926866957,-27.55415473717949,0,0.3603085124012212,-0.2355504808453582,0.7627811062253175
0.308,35.64004326849686,-42.36726678149887,-6.285906659218147,24.51969916274557,-27.58774710008226,0,0.3614933712376869,-0.2341410203898546,0.7624409702402676
0.31,35.77337351616498,-42.4913651116704,-6.285592475369755,24.54429977373794,-27.62063070514932,0,0.3626659868671095,-0.2327393255364572,0.7621023250668472
0.312,35.90561522855441,-42.61426919591254,-6.285163729216949,24.56820255571462,-27.65281694879372,0,0.3638265075492317,-0.231345387107461,0.7617651762448139
0.314,36.03677825624628,-42.73599170844475,-6.284623338402636,24.59141880123832,-27.68431705405088,0,0.3649750795717909,-0.2299591948712004,0.7614295289169883
0.316,36.16687235355604,-42.85654516772244,-6.283974153601831,24.61395964346998,-27.71514207323544,0,0.3661118472750218,-0.228580737580162,0.7610953878410327
0.318,36.29590717927329,-42.97594193884655,-6.283218960108632,24.63583605825386,-27.74530289057763,0,0.367236953075921,-0.2272100030080655,0.7607627574009372
0.32,36.42389229740176,-43.09419423596133,-6.282360479409942,24.65705886619359,-27.77481022485286,0,0.3683505374922939,-0.2258469779856902,0.7604316416182071
0.322,36.55083717791945,-43.2113141245726,-6.281401370690514,24.67763873469768,-27.80367463197041,0,0.3694527391666971,-0.2244916484356873,0.7601020441627493
0.324,36.67675119754405,-43.32731352383166,-6.280344232339356,24.69758617995397,-27.83190650740954,0,0.3705436948907557,-0.2231439994061498,0.7597739683635043
0.326,36.80164364050757,-43.44220420876731,-6.279191603383367,24.71691156895016,-27.85951608877917,0,0.3716235396285856,-0.2218040151033213,0.7594474172187827
0.328,36.92552369934029,-43.55599781247514,-6.277945964900634,24.73562512142248,-27.88651345823229,0,0.3726924065406151,-0.2204716789231591,0.7591223934063159
0.33,37.04840047566599,-43.66870582825234,-6.276609741400935,24.75373691183812,-27.91290854480588,0,0.373750427007211,-0.2191469734820211,0.758798899292965
0.332,37.17028298099927,-43.78033961169181,-6.275185302152724,24.77125687130999,-27.93871112684375,0,0.3747977306518069,-0.217829880646368,0.758476936944286
0.334,37.29118013754965,-43.8909103827357,-6.273674962491243,24.78819478947643,-27.96393083434531,0,0.3758344453640002,-0.2165203815614862,0.7581565081338649
0.336,37.41110077903241,-44.000429227675,-6.272080985081311,24.80456031640711,-27.98857715117426,0,0.3768606973228011,-0.2152184566794363,0.757837614352211
0.338,37.53005365146753,-44.10890710114376,-6.270405581177629,24.82036296443192,-28.0126594173753,0,0.3778766110192013,-0.2139240857859735,0.7575202568156498
0.34,37.64804741400658,-44.21635482802423,-6.268650911817709,24.83561211001926,-28.0361868312883,0,0.378882309279074,-0.2126372480268279,0.7572044364747099
0.342,37.76509063973923,-44.32278310535359,-6.266819089002622,24.85031699555186,-28.05916845185676,0,0.3798779132851282,-0.2113579219330131,0.7568901540225954
0.344,37.88119181651338,-44.42820250416894,-6.264912176843825,24.86448673113645,-28.08161320065548,0,0.3808635425995322,-0.2100860854454382,0.7565774099031332
0.346,37.99635934775123,-44.53262347132851,-6.262932192682728,24.87813029637339,-28.10352986407437,0,0.3818393151855766,-0.2088217159387312,0.7562662043187137
0.348,38.11060155326819,-44.63605633129153,-6.260881108183115,24.89125654211692,-28.12492709531159,0,0.3828053474297636,-0.2075647902443203,0.7559565372378382
0.35,38.22392667008396,-44.73851128787027,-6.258760850396262,24.90387419218321,-28.14581341649225,0,0.3837617541630611,-0.2063152846727951,0.7556484084026645
0.352,38.33634285323937,-44.83999842594323,-6.25657330279734,24.91599184506196,-28.1661972206289,0,0.384708648682439,-0.2050731750355708,0.7553418173361756
0.354,38.44785817660953,-44.94052771313527,-6.254320306295205,24.92761797561201,-28.18608677362128,0,0.3856461427718435,-0.2038384366659211,0.7550367633492288
0.356,38.55848063371689,-45.04010900146267,-6.252003660216855,24.93876093672198,-28.20549021618346,0,0.3865743467231506,-0.2026110444393277,0.7547332455473872
0.358,38.66821813853647,-45.13875202895787,-6.249625123272287,24.94942896095474,-28.22441556574016,0,0.387493369356906,-0.2013909727931835,0.7544312628375434
0.36,38.77707852630252,-45.23646642125464,-6.247186414492813,24.95963016216423,-28.24287071834608,0,0.3884033180425792,-0.2001781957459042,0.7541308139344516
0.362,38.88506955431431,-45.33326169314048,-6.244689214137406,24.96937253711925,-28.26086345048666,0,0.3893042987189476,-0.198972686915478,0.7538318973669175
0.364,38.99219890273134,-45.42914725009671,-6.242135164591014,24.9786639670978,-28.27840142094627,0,0.3901964159138427,-0.197774419537405,0.7535345114839488
0.366,39.09847417536812,-45.52413238979084,-6.239525871230022,24.98751221940148,-28.29549217259545,0,0.3910797727639868,-0.1965833664820367,0.7532386544607634
0.368,39.20390290048037,-45.6182263035593,-6.236862903284174,24.99592494891612,-28.31214313409038,0,0.3919544710347012,-0.1953995002714091,0.7529443243044909
0.37,39.30849253155378,-45.71143807785626,-6.234147794654543,25.00390969967194,-28.32836162168856,0,0.3928206111387811,-0.194222793095629,0.7526515188598069
0.372,39.41225044808731,-45.80377669566728,-6.231382044716481,25.01147390631356,-28.34415484092659,0,0.3936782921557192,-0.1930532168286408,0.7523602358144073
0.374,39.51518395636778,-45.89525103790999,-6.228567119110955,25.01862489561644,-28.359529888291,0,0.394527611850462,-0.1918907430435848,0.752070472704268
0.376,39.6173002902343,-45.98586988481033,-6.225704450525771,25.02536988790266,-28.37449375285972,0,0.3953686666920871,-0.1907353430275521,0.7517822269188809
0.378,39.71860661185496,-46.07564191723656,-6.222795439419904,25.03171599854701,-28.38905331795868,0,0.396201551871927,-0.1895869877960874,0.7514954957061857
0.38,39.81911001247643,-46.16457571804112,-6.219841454771426,25.03767023937401,-28.40321536278346,0,0.397026361321638,-0.188445648107033,0.751210276177513
0.382,39.91881751318076,-46.25267977335191,-6.216843834792976,25.04323952006919,-28.41698656389859,0,0.3978431877313325,-0.1873112944740316,0.7509265653122591
0.384,40.01773606563579,-46.33996247385018,-6.213803887619853,25.04843064958992,-28.43037349684986,0,0.3986521225669236,-0.1861838971796447,0.7506443599625183
0.386,40.11587255283455,-46.42643211603392,-6.210722891990908,25.053250337544,-28.44338263769028,0,0.3994532560875315,-0.1850634262880093,0.7503636568575345
0.388,40.21323378983067,-46.51209690345009,-6.207602097918855,25.05770519550205,-28.4560203644466,0,0.4002466773628532,-0.1839498516570257,0.7500844526080912
0.39,40.30982652446733,-46.59696494790818,-6.20444272733682,25.06180173837099,-28.46829295858123,0,0.4010324742900752,-0.1828431429503096,0.7498067437106732
0.392,40.40565743810511,-46.68104427067925,-6.201245974718349,25.0655463857453,-28.48020660655132,0,0.4018107336101421,-0.1817432696487445,0.7495305265516147
0.394,40.50073314633175,-46.76434280366725,-6.198013007707571,25.06894546314743,-28.49176740114179,0,0.402581540924723,-0.1806502010615334,0.7492557974110907
0.396,40.59506019968281,-46.84686839055762,-6.194744967705963,25.0720052033758,-28.50298134289659,0,0.4033449807122858,-0.179563906337087,0.7489825524669167
0.398,40.68864508433407,-46.92862878796883,-6.19144297047362,25.07473174773817,-28.5138543415404,0,0.4041011363440563,-0.1784843544734149,0.7487107877983992
0.4,40.78149422280401,-47.00963166655833,-6.188108106700345,25.07713114730694,-28.52439221728791,0,0.4048500901000323,-0.1774115143282589,0.7484404993899475
0.402,40.87361397464937,-47.0898846121172,-6.184741442554011,25.07920936418526,-28.53460070223277,0,0.4055919231843463,-0.1763453546289674,0.7481716831346241
0.404,40.96501063714003,-47.16939512666752,-6.181344020240087,25.08097227270167,-28.54448544166505,0,0.4063267157407333,-0.1752858439819124,0.747904334837616
0.406,41.05569044594086,-47.2481706295158,-6.177916858532006,25.08242566062144,-28.55405199536366,0,0.40705454686768,-0.1742329508817194,0.7476384502195894
0.408,41.14565957578216,-47.32621845830093,-6.174460953287095,25.08357523034794,-28.56330583885795,0,0.4077754946334596,-0.1731866437201856,0.7473740249198855
0.41,41.23492414112375,-47.40354587002513,-6.170977277960588,25.08442660008048,-28.57225236472108,0,0.408489636090739,-0.1721468907948738,0.7471110544997609
0.412,41.32349019681118,-47.48016004206984,-6.167466784098306,25.08498530497644,-28.58089688380636,0,0.4091970472911453,-0.1711136603174648,0.7468495344454276
0.414,41.41136373872493,-47.55606807319619,-6.163930401824356,25.08525679831062,-28.58924462647021,0,0.4098978032995363,-0.1700869204218635,0.7465894601710233
0.416,41.49855070442919,-47.63127698451941,-6.160369040308014,25.08524645259166,-28.59730074376439,0,0.4105919782081883,-0.1690666391720036,0.7463308270215081
0.418,41.58505697380255,-47.70579372048324,-6.156783588234375,25.08495956066692,-28.60507030862592,0,0.4112796451506852,-0.1680527845694071,0.7460736302755029
0.42,41.67088836967266,-47.7796251498102,-6.153174914248003,25.08440133683507,-28.61255831706838,0,0.4119608763155193,-0.1670453245605341,0.7458178651480184
0.422,41.75605065843722,-47.85277806643916,-6.149543867397886,25.08357691791763,-28.61976968927789,0,0.4126357429598343,-0.1660442270438447,0.745563526793067
0.424,41.840549550681,-47.92525919044857,-6.145891277572504,25.08249136432586,-28.62670927078373,0,0.413304315422544,-0.1650494598766715,0.7453106103063153
0.426,41.92439070178373,-47.99707516897292,-6.142217955917632,25.08114966112904,-28.63338183356105,0,0.4139666631375144,-0.1640609908818615,0.7450591107275224
0.428,42.00757971252998,-48.06823257708587,-6.138524695238903,25.0795567190941,-28.63979207713668,0,0.4146228546464349,-0.1630787878542277,0.7448090230429993
0.43,42.09012212969753,-48.13873791869612,-6.134812270418515,25.07771737569539,-28.6459446296505,0,0.4152729576116581,-0.1621028185667035,0.7445603421879741
0.432,42.17202344665517,-48.20859762740311,-6.131081438789733,25.07563639614681,-28.65184404891948,0,0.4159170388287258,-0.161133050776418,0.7443130630488438
0.434,42.25328910394181,-48.27781806736336,-6.127332940533572,25.07331847439767,-28.65749482349539,0,0.4165551642386739,-0.1601694522304819,0.7440671804654385
0.436,42.33392448984339,-48.34640553413201,-6.123567499051056,25.07076823409628,-28.66290137368373,0,0.4171873989403168,-0.1592119906715746,0.7438226892331887
0.438,42.41393494096522,-48.41436625549091,-6.119785821323437,25.06799022959042,-28.66806805256368,0,0.4178138072021734,-0.1582606338434463,0.7435795841051935
0.44,42.49332574279541,-48.48170639227145,-6.115988598273166,25.06498894687284,-28.67299914700194,0,0.4184344524742632,-0.1573153494961394,0.7433378597942921
0.442,42.57210213026638,-48.54843203915552,-6.112176505108572,25.06176880455461,-28.67769887859514,0,0.4190493973998701,-0.1563761053911131,0.7430975109749621
0.444,42.65026928830091,-48.61454922547564,-6.10835020166861,25.05833415476839,-28.68217140467095,0,0.4196587038269456,-0.1554428693061235,0.7428585322853154
0.446,42.72783235235936,-48.68006391599785,-6.104510332755481,25.05468928408837,-28.68642081922878,0,0.4202624328194796,-0.1545156090399537,0.7426209183289447
0.448,42.80479640898027,-48.74498201169333,-6.100657528459815,25.050838414457,-28.69045115388824,0,0.4208606446685564,-0.1535942924170375,0.7423846636767296
0.45,42.88116649630981,-48.80930935050436,-6.096792404483227,25.04678570408291,-28.6942663787917,0,0.421453398903417,-0.1526788872918846,0.7421497628685609
0.452,42.95694760463177,-48.87305170808818,-6.092915562439871,25.04253524831781,-28.69787040355893,0,0.4220407543021088,-0.1517693615533867,0.7419162104151046
0.454,43.03214467688466,-48.9362147985583,-6.089027590169066,25.03809108051363,-28.70126707811107,0,0.4226227689024467,-0.1508656831289012,0.7416840007993951
0.456,43.10676260917882,-48.99880427522008,-6.085129062027594,25.03345717292003,-28.704460193617,0,0.4231995000121978,-0.1499678199883063,0.7414531284784562
0.458,43.18080625130489,-49.0608257312817,-6.08122053917687,25.02863743751432,-28.70745348334663,0,0.4237710042194991,-0.149075740147858,0.7412235878848723
0.46,43.25428040723185,-49.12228470057397,-6.077302569880216,25.0236357268265,-28.71025062350629,0,0.4243373374031384,-0.1481894116738497,0.7409953734282972
0.462,43.32718983561072,-49.18318665823612,-6.073375689763027,25.01845583479334,-28.71285523410032,0,0.4248985547424547,-0.1473088026863036,0.7407684794969037
0.464,43.39953925026134,-49.24353702141526,-6.069440422093492,25.01310149755895,-28.71527087976125,0,0.4254547107272473,-0.1464338813623839,0.7405429004588218
0.466,43.4713333206566,-49.30334114994557,-6.065497278049458,25.00757639427803,-28.71750107054783,0,0.4260058591675729,-0.145564615939743,0.7403186306635036
0.468,43.54257667240183,-49.36260434701762,-6.061546756972279,25.00188414791291,-28.71954926277716,0,0.4265520532032157,-0.1447009747197833,0.7400956644430835
0.47,43.613273887712,-49.4213318598382,-6.057589346619958,24.99602832602359,-28.72141885980077,0,0.4270933453131783,-0.1438429260707628,0.7398739961136521
0.472,43.68342950587557,-49.47952888028571,-6.053625523420179,24.99001244152591,-28.72311321277857,0,0.4276297873250186,-0.1429904384307794,0.7396536199765305
0.474,43.75304802372089,-49.53720054554799,-6.049655752705572,24.98383995346032,-28.72463562146356,0,0.4281614304239268,-0.1421434803106955,0.7394345303195048
0.476,43.82213389606869,-49.59435193876634,-6.045680488957154,24.97751426774402,-28.72598933495361,0,0.4286883251617719,-0.1413020202969094,0.7392167214179964
0.478,43.89069153618784,-49.6509880896558,-6.041700176030841,24.97103873792047,-28.72717755243824,0,0.4292105214659575,-0.1404660270540654,0.739000187536208
0.48,43.95872531623792,-49.70711397512652,-6.037715247388315,24.96441666587283,-28.72820342393495,0,0.4297280686481905,-0.1396354693276152,0.7387849229282661
0.482,44.02623956771376,-49.76273451989081,-6.033726126311755,24.95765130256113,-28.72907005101326,0,0.4302410154130824,-0.1388103159463336,0.7385709218392708
0.484,44.09323858187825,-49.8178545970687,-6.029733226125157,24.95074584874057,-28.72978048750443,0,0.4307494098666203,-0.1379905358247306,0.7383581785063393
0.486,44.15972661019531,-49.87247902877372,-6.025736950407407,24.94370345563242,-28.73033774018523,0,0.4312532995246333,-0.1371760979653075,0.7381466871596611
0.488,44.22570786475338,-49.92661258670614,-6.021737693194912,24.93652722564896,-28.73074476950459,0,0.4317527313208486,-0.1363669714608416,0.7379364420234605
0.49,44.29118651868519,-49.98025999273099,-6.017735839186959,24.92922021306361,-28.7310044902569,0,0.4322477516150468,-0.135563125496495,0.7377274373169666
0.492,44.35616670658508,-50.03342591944095,-6.013731763942738,24.92178542467519,-28.73111977222565,0,0.4327384062011558,-0.1347645293518557,0.7375196672553307
0.494,44.42065252491805,-50.08611499072878,-6.009725834074284,24.91422582049626,-28.73109344087803,0,0.4332247403149614,-0.1339711524029399,0.7373131260505185
0.496,44.48464803242548,-50.13833178233632,-6.005718407437866,24.90654431439089,-28.73092827798896,0,0.4337067986419674,-0.1331829641240643,0.7371078079121876
0.498,44.54815725052544,-50.19008082240642,-6.001709833317974,24.89874377472286,-28.73062702230324,0,0.4341846253249532,-0.1323999340896646,0.7369037070485457
0.5,44.61118416370929,-50.24136659202141,-5.997700452608817,24.89082702500479,-28.73019237014822,0,0.4346582639715272,-0.1316220319760608,0.7367008176671402
0.502,44.67373271993149,-50.29219352574007,-5.993690597992894,24.8827968445191,-28.72962697606957,0,0.4351277576614936,-0.1308492275631156,0.7364991339756762
0.504,44.73580683099659,-50.34256601212381,-5.989680594112168,24.8746559689352,-28.72893345346153,0,0.4355931489540791,-0.1300814907358443,0.7362986501828098
0.506,44.797410372941,-50.39248839425584,-5.985670757737521,24.86640709093426,-28.72811437512516,0,0.4360544798952719,-0.1293187914859575,0.7360993604988157
0.508,44.85854718641112,-50.44196497025742,-5.981661397936568,24.85805286080667,-28.7271722738964,0,0.4365117920247688,-0.1285610999133189,0.7359012591363651
0.51,44.9192210770347,-50.49099999379204,-5.977652816234666,24.84959588704422,-28.72610964322122,0,0.4369651263829812,-0.127808386227366,0.7357043403112171
0.512,44.979435815789,-50.53959767457111,-5.973645306776703,24.84103873693473,-28.72492893774447,0,0.4374145235178385,-0.1270606207484525,0.7355085982429022
0.514,45.03919513936474,-50.58776217884596,-5.969639156480041,24.83238393713566,-28.72363257386733,0,0.4378600234916055,-0.1263177739091278,0.7353140271553636
0.516,45.0985027505256,-50.63549762989808,-5.965634645188559,24.82363397425521,-28.72222293031693,0,0.4383016658874754,-0.1255798162553796,0.735120621277601
0.518,45.15736231846576,-50.68280810851368,-5.961632045815485,24.81479129540925,-28.72070234868358,0,0.438739489816197,-0.1248467184478073,0.7349283748442725
0.52,45.21577747915638,-50.72969765346996,-5.957631624499574,24.80585830877119,-28.71907313398124,0,0.4391735339224686,-0.1241184512627097,0.7347372820963251
0.522,45.27375183569625,-50.77617026199868,-5.953633640737419,24.7968373841466,-28.717337555167,0,0.4396038363913291,-0.1233949855932034,0.7345473372815062
0.524,45.33128895865251,-50.82222989025479,-5.949638347528637,24.78773085349178,-28.71549784570003,0,0.4400304349543315,-0.1226762924501955,0.7343585346549977
0.526,45.38839238640047,-50.86788045376812,-5.945645991511497,24.77854101144543,-28.71355620400422,0,0.4404533668959377,-0.1219623429633301,0.7341708684798883
0.528,45.44506562545627,-50.91312582790336,-5.941656813095552,24.76927011587493,-28.71151479404556,0,0.4408726690593077,-0.1212531083819621,0.7339843330277516
0.53,45.50131215080847,-50.95796984830387,-5.937671046593294,24.75992038838068,-28.70937574580532,0,0.4412883778524381,-0.1205485600759786,0.7337989225791286
0.532,45.55713540624478,-51.00241631133354,-5.933688920347722,24.75049401481834,-28.70714115577718,0,0.4417005292540419,-0.1198486695366393,0.7336146314240073
0.534,45.6125388046741,-51.04646897451271,-5.92971065685903,24.74099314579464,-28.70481308745089,0,0.4421091588193957,-0.1191534083773328,0.7334314538622989
0.536,45.66752572844732,-51.09013155694778,-5.925736472901438,24.73141989717971,-28.70239357182273,0,0.4425143016859375,-0.1184627483343501,0.7332493842043095
0.538,45.72209952967015,-51.13340773975755,-5.921766579650231,24.72177635058446,-28.69988460783776,0,0.4429159925790471,-0.1177766612675341,0.7330684167711656
0.54,45.77626353051588,-51.17630116649418,-5.917801182796687,24.71206455385834,-28.69728816288481,0,0.4433142658174739,-0.1170951191609597,0.7328885458952596
0.542,45.8300210235325,-51.21881544355754,-5.9138404826616,24.70228652156344,-28.69460617325017,0,0.4437091553188556,-0.1164180941235401,0.7327097659206515
0.544,45.88337527194639,-51.26095414060475,-5.909884674309202,24.69244423543729,-28.69184054456429,0,0.4441006946051523,-0.1157455583895768,0.7325320712034695
0.546,45.9363295099627,-51.3027207909569,-5.905933947658175,24.68253964487282,-28.68899315226723,0,0.4444889168078548,-0.1150774843193308,0.7323554561123071
0.548,45.98888694306451,-51.344118891997,-5.901988487585943,24.67257466738092,-28.68606584203911,0,0.4448738546732629,-0.1144138443995176,0.7321799150285697
0.55,46.04105074830351,-51.38515190556561,-5.898048474037484,24.66255118902958,-28.68306043023492,0,0.4452555405676552,-0.1137546112437572,0.7320054423468559
0.552,46.09282407459104,-51.42582325835295,-5.894114082128725,24.65247106490082,-28.67997870432216,0,0.4456340064823127,-0.1130997575930175,0.7318320324753047
0.554,46.14421004298404,-51.46613634228331,-5.890185482247136,24.6423361195246,-28.67682242329516,0,0.4460092840385672,-0.1124492563160019,0.7316596798359251
0.556,46.19521174696919,-51.50609451489437,-5.886262840148752,24.63214814731946,-28.67359331809015,0,0.4463814044927207,-0.1118030804095312,0.7314883788649119
0.5580000000000001,46.245832252742,-51.54570109971667,-5.882346317056948,24.62190891302124,-28.67029309201332,0,0.4467503987408306,-0.1111612029988791,0.7313181240129816
0.5600000000000001,46.29607459948343,-51.58495938664498,-5.878436069759907,24.611620152104,-28.66692342112725,0,0.4471162973235571,-0.1105235973380624,0.7311489097456583
0.5620000000000001,46.345941799633,-51.62387263230453,-5.874532250698112,24.60128357119549,-28.66348595465512,0,0.4474791304308743,-0.1098902368101271,0.7309807305435584
0.5640000000000001,46.39543683915988,-51.66244406041376,-5.870635008060004,24.59090084849445,-28.65998231537743,0,0.4478389279066583,-0.1092610949274051,0.7308135809026919
0.5660000000000001,46.44456267782877,-51.70067686214428,-5.866744485868705,24.58047363417336,-28.65641410000958,0,0.4481957192533245,-0.1086361453317235,0.7306474553347038
0.5680000000000001,46.4933222494642,-51.73857419647605,-5.862860824070076,24.57000355078503,-28.65278287960393,0,0.4485495336362316,-0.1080153617946192,0.7304823483671654
0.5700000000000001,46.54171846221087,-51.77613919054601,-5.85898415861816,24.55949219365009,-28.64909019991038,0,0.448900399888194,-0.1073987182174918,0.7303182545438106
0.5720000000000001,46.58975419879247,-51.81337493999506,-5.855114621558382,24.54894113125403,-28.64533758173593,0,0.449248346513895,-0.106786188631743,0.7301551684247471
0.5740000000000001,46.63743231676457,-51.85028450930997,-5.851252341111496,24.53835190562361,-28.64152652133225,0,0.4495934016941046,-0.1061777471989082,0.7299930845867417
0.5760000000000001,46.68475564876817,-51.88687093215968,-5.847397441750523,24.52772603270709,-28.63765849074317,0,0.4499355932899873,-0.1055733682107415,0.7298319976234148
0.578,46.73172700277666,-51.92313721173358,-5.843550044283583,24.51706500275596,-28.63373493817223,0,0.4502749488472109,-0.1049730260893075,0.729671902145469
0.58,46.77834916234352,-51.95908632106723,-5.839710265926814,24.50637028068981,-28.629757288318,0,0.4506114956001407,-0.1043766953870219,0.7295127927808776
0.582,46.82462488684456,-51.99472120337234,-5.835878220381591,24.49564330646698,-28.62572694273787,0,0.4509452604758123,-0.1037843507866979,0.7293546641751015
0.584,46.87055691171832,-52.03004477235337,-5.832054017909033,24.48488549542424,-28.62164528014154,0,0.4512762700981439,-0.1031959671015074,0.7291975109912417
0.586,46.91614794870331,-52.06505991253256,-5.828237765402028,24.47409823865273,-28.61751365678554,0,0.4516045507916079,-0.1026115192750315,0.7290413279102803
0.588,46.96140068607376,-52.09976947956024,-5.824429566453462,24.46328290334077,-28.61333340676731,0,0.4519301285852776,-0.1020309823812063,0.7288861096312068
0.59,47.00631778887078,-52.13417630052732,-5.820629521429303,24.45244083310659,-28.60910584235175,0,0.4522530292166655,-0.1014543316242475,0.7287318508712081
0.592,47.05090189913088,-52.16828317427423,-5.816837727536798,24.44157334834775,-28.60483225430593,0,0.4525732781354196,-0.1008815423386151,0.7285785463658421
0.594,47.09515563611491,-52.20209287169427,-5.813054278886315,24.43068174658843,-28.60051391221356,0,0.4528909005070443,-0.1003125899889418,0.7284261908691616
0.596,47.13908159653065,-52.23560813603197,-5.809279266561024,24.4197673027918,-28.59615206477126,0,0.4532059212166374,-0.09974745016990164,0.7282747791538791
0.598,47.18268235475539,-52.26883168318229,-5.805512778679926,24.40883126968765,-28.59174794010249,0,0.4535183648724876,-0.09918609860607941,0.7281243060115055
0.6,47.22596046305438,-52.30176620198213,-5.801754900458277,24.39787487810511,-28.58730274606509,0,0.453828255809585,-0.0986285111518822,0.7279747662524835
0.602,47.26891845179679,-52.33441435450276,-5.798005714271335,24.3868993372817,-28.58281767054382,0,0.4541356180931738,-0.09807466379135749,0.7278261547063158
0.604,47.31155882967141,-52.36677877633493,-5.794265299714122,24.37590583518324,-28.57829388175105,0,0.4544404755221596,-0.09752453263804531,0.727678466221698
0.606,47.35388408389667,-52.39886207687274,-5.79053373365919,24.36489553880067,-28.57373252849918,0,0.4547428516326235,-0.09697809393476917,0.7275316956666106
0.608,47.39589668043136,-52.4306668395929,-5.786811090315878,24.35386959446354,-28.56913474050486,0,0.4550427697010713,-0.09643532405347113,0.7273858379284651
0.61,47.43759906417998,-52.4621956223347,-5.783097441284485,24.34282912814535,-28.56450162866876,0,0.455340252747763,-0.0958961994950096,0.727240887914183
0.612,47.47899365919913,-52.49345095756837,-5.779392855613207,24.33177524574436,-28.55983428533506,0,0.4556353235400564,-0.09536069688890525,0.7270968405503051
0.614,47.5200828688976,-52.52443535267165,-5.77569739985251,24.32070903339224,-28.55513378458253,0,0.4559280045955357,-0.09482879299314384,0.726953690783083
0.616,47.56086907623855,-52.55515129019111,-5.772011138106793,24.30963155772559,-28.55040118248078,0,0.4562183181852564,-0.0943004646938973,0.7268114335785774
0.618,47.60135464393483,-52.58560122811284,-5.768334132088791,24.29854386618537,-28.54563751737477,0,0.4565062863367719,-0.09377568900530142,0.7266700639227507
0.62,47.64154191464728,-52.61578760011854,-5.764666441166337,24.28744698729556,-28.54084381012655,0,0.4567919308373007,-0.09325444306917452,0.7265295768215183
0.622,47.68143321117523,-52.6457128158474,-5.761008122417277,24.27634193092548,-28.53602106437679,0,0.4570752732367708,-0.09273670415470919,0.7263899673008493
0.624,47.72103083664911,-52.6753792611506,-5.757359230675568,24.2652296885833,-28.53117026680635,0,0.4573563348507455,-0.09222244965822954,0.7262512304068259
0.626,47.7603370747198,-52.70478929834232,-5.753719818579413,24.25411123366987,-28.52629238737706,0,0.4576351367634441,-0.09171165710285187,0.7261133612057142
0.628,47.79935418974399,-52.73394526645117,-5.750089936619048,24.24298752174827,-28.52138837959391,0,0.457911699830579,-0.09120430413819844,0.7259763547840465
0.63,47.8380844269703,-52.76284948146549,-5.746469633182,24.23185949080349,-28.5164591807284,0,0.4581860446823133,-0.09070036854005306,0.7258402062486493
0.632,47.87653001272095,-52.79150423657983,-5.742858954599334,24.22072806150582,-28.51150571207501,0,0.4584581917260113,-0.09019982821005104,0.7257049107267184
0.634,47.91469315457313,-52.81991180243389,-5.739257945189621,24.20959413745996,-28.50652887917508,0,0.4587281611490829,-0.08970266117532436,0.7255704633658611
0.636,47.95257604153717,-52.84807442735221,-5.735666647301197,24.19845860546249,-28.50152957206288,0,0.4589959729216738,-0.08920884558817707,0.7254368593341517
0.638,47.99018084423427,-52.87599433757823,-5.732085101354129,24.18732233574307,-28.49650866547729,0,0.4592616467994608,-0.08871835972570022,0.7253040938201546
0.64,48.02750971507027,-52.90367373750883,-5.728513345883822,24.17618618221449,-28.49146701910613,0,0.4595252023262315,-0.08823118198943625,0.7251721620329926
0.642,48.0645647884087,-52.93111480992589,-5.724951417580254,24.16505098271345,-28.48640547780871,0,0.459786658836535,-0.08774729090499758,0.7250410592023739
0.644,48.1013481807412,-52.95831971622215,-5.721399351328833,24.15391755923038,-28.48132487181504,0,0.460046035458369,-0.08726666512166753,0.7249107805786051
0.646,48.13786199085709,-52.98529059662836,-5.717857180249924,24.14278671815077,-28.47622601696516,0,0.460303351115639,-0.0867892834120329,0.7247813214326505
0.648,48.17410830001064,-53.01202957043436,-5.714324935736099,24.13165925048653,-28.47110971491188,0,0.4605586245307258,-0.08631512467159158,0.7246526770561417
0.65,48.21008917208584,-53.03853873621019,-5.710802647490091,24.12053593209988,-28.46597675333211,0,0.4608118742269835,-0.08584416791834223,0.7245248427614035
0.652,48.24580665376089,-53.06482017202317,-5.707290343560512,24.10941752393367,-28.46082790613761,0,0.4610631185311739,-0.08537639229238922,0.7243978138814743
0.654,48.28126277466873,-53.09087593565441,-5.703788050381038,24.09830477222652,-28.45566393367524,0,0.4613123755759094,-0.084911777055514,0.7242715857701295
0.656,48.31645954755721,-53.11670806481197,-5.700295792803443,24.08719840873629,-28.45048558293764,0,0.4615596633020045,-0.08445030159077097,0.7241461538018963
0.658,48.35139896844785,-53.14231857734038,-5.696813594132246,24.07609915095857,-28.44529358775153,0,0.461804999460866,-0.08399194540206295,0.7240215133720512
0.66,48.3860830167923,-53.16770947142847,-5.693341476160064,24.06500770233122,-28.44008866897431,0,0.4620484016168199,-0.08353668811369455,0.7238976598966421
0.662,48.42051365562666,-53.19288272581566,-5.689879459198508,24.05392475244919,-28.43487153469781,0,0.4622898871493606,-0.08308450946995863,0.7237745888124993
0.664,48.45469283172479,-53.21784029999696,-5.686427562113616,24.04285097727708,-28.42964288043207,0,0.4625294732554169,-0.08263538933469419,0.7236522955772285
0.666,48.4886224757499,-53.24258413442114,-5.682985802357048,24.0317870393379,-28.42440338928021,0,0.4627671769516567,-0.08218930769081051,0.723530775669211
0.668,48.52230450240398,-53.26711615069348,-5.679554195996062,24.0207335879326,-28.41915373215469,0,0.463003015076534,-0.08174624463989003,0.7234100245876239
0.67,48.55574081057629,-53.29143825176973,-5.676132757745728,24.00969125932421,-28.41389456792706,0,0.4632370042926054,-0.08130618040168514,0.7232900378524076
0.672,48.58893328349037,-53.31555232215108,-5.672721500998541,23.99866067693919,-28.40862654362448,0,0.4634691610885859,-0.08086909531368328,0.723170811004282
0.674,48.62188378884751,-53.33946022807943,-5.669320437854133,23.98764245156638,-28.40335029461112,0,0.4636995017814373,-0.08043496983065848,0.7230523396047329
0.676,48.65459417897201,-53.36316381772502,-5.665929579148179,23.97663718153938,-28.39806644475259,0,0.4639280425184956,-0.08000378452417786,0.7229346192359986
0.678,48.68706629095191,-53.38666492137426,-5.662548934481677,23.9656454529213,-28.3927756065815,0,0.4641547992795477,-0.07957552008213137,0.7228176455010554
0.68,48.71930194677996,-53.40996535161599,-5.659178512246657,23.95466783969724,-28.3874783814816,0,0.4643797878787869,-0.07915015730828268,0.7227014140236149
0.6820000000000001,48.75130295349262,-53.43306690352829,-5.65581831965455,23.9437049039618,-28.38217535986101,0,0.4646030239667797,-0.07872767712179299,0.7225859204481081
0.6840000000000001,48.78307110330714,-53.45597135485785,-5.652468362763557,23.93275719608939,-28.37686712129876,0,0.4648245230325148,-0.07830806055672002,0.7224711604396559
0.6860000000000001,48.81460817375761,-53.47868046620133,-5.649128646504791,23.92182525491787,-28.3715542347196,0,0.4650443004052853,-0.07789128876155166,0.7223571296840609
0.6880000000000001,48.84591592782956,-53.50119598118101,-5.645799174706478,23.91090960791394,-28.36623725853887,0,0.4652623712566839,-0.07747734299869716,0.72224382388777
0.6900000000000001,48.87699611409271,-53.52351962662405,-5.642479950119965,23.90001077136126,-28.36091674084485,0,0.4654787506023645,-0.0770662046440406,0.7221312387778732
0.6920000000000001,48.90785046683293,-53.54565311273385,-5.639170974445328,23.88912925051806,-28.35559321953201,0,0.4656934533040105,-0.07665785518641435,0.7220193701020643
0.6940000000000001,48.93848070618283,-53.56759813326446,-5.635872248354922,23.87826553979289,-28.35026722246975,0,0.4659064940711036,-0.07625227622712188,0.7219082136286232
0.6960000000000001,48.96888853824999,-53.58935636568892,-5.632583771516156,23.86742012290535,-28.34493926764126,0,0.4661178874627928,-0.07584944947943656,0.7217977651463737
0.6980000000000001,48.99907565524491,-53.61092947136855,-5.629305542615528,23.85659347305438,-28.33960986329962,0,0.4663276478896433,-0.07544935676811448,0.7216880204646625
0.7000000000000001,49.02904373560727,-53.63231909571993,-5.626037559382338,23.84578605307505,-28.33427950812209,0,0.4665357896153762,-0.07505198002888733,0.7215789754133473
0.7020000000000001,49.0587944441307,-53.65352686837885,-5.622779818609521,23.83499831560021,-28.32894869134176,0,0.4667423267586615,-0.07465730130796219,0.7214706258427339
0.704,49.0883294320862,-53.67455440336246,-5.619532316176211,23.82423070321475,-28.32361789289034,0,0.4669472732948315,-0.07426530276151763,0.7213629676235513
0.706,49.11765033734451,-53.69540329923339,-5.616295047068895,23.81348364861691,-28.31828758355664,0,0.4671506430575023,-0.0738759666552139,0.7212559966469283
0.708,49.14675878449752,-53.7160751392552,-5.613068005402111,23.80275757476198,-28.31295822510349,0,0.4673524497403374,-0.07348927536366542,0.721149708824339
0.71,49.17565638497713,-53.73657149155221,-5.609851184440571,23.79205289501467,-28.30763027041298,0,0.4675527068986592,-0.07310521136994022,0.7210441000875758
0.712,49.20434473717484,-53.75689390926538,-5.606644576618113,23.78137001330512,-28.30230416363178,0,0.4677514279510208,-0.07272375726507099,0.7209391663887177
0.714,49.23282542655785,-53.7770439307066,-5.60344817355839,23.77070932426414,-28.2969803402899,0,0.4679486261808889,-0.07234489574751468,0.7208349037000752
0.716,49.26110002578598,-53.79702307950901,-5.600261966093448,23.76007121337188,-28.29165922743235,0,0.4681443147382091,-0.07196860962265916,0.7207313080141513
0.718,49.28917009482632,-53.81683286477976,-5.597085944282317,23.74945605710191,-28.28634124375694,0,0.4683385066409381,-0.07159488180231416,0.7206283753436041
0.72,49.3170371810667,-53.83647478124914,-5.593920097430927,23.73886422306135,-28.2810267997388,0,0.4685312147765907,-0.07122369530419756,0.7205261017212022
0.722,49.34470281942797,-53.85595030941799,-5.590764414110128,23.7282960701278,-28.27571629775226,0,0.4687224519037791,-0.07085503325141895,0.7204244831997741
0.724,49.37216853247599,-53.87526091570295,-5.587618882173081,23.7177519485867,-28.27041013220131,0,0.4689122306536823,-0.07048887887197247,0.7203235158521732
0.726,49.39943583053165,-53.89440805258025,-5.584483488772585,23.70723220026257,-28.26510868963031,0,0.4691005635315799,-0.07012521549820896,0.720223195771214
0.728,49.42650621177887,-53.91339315873007,-5.581358220379703,23.69673715865273,-28.25981234885105,0,0.4692874629182812,-0.0697640265663301,0.7201235190696345
0.73,49.45338116237389,-53.93221765917753,-5.578243062799766,23.68626714906399,-28.25452148107023,0,0.4694729410715217,-0.06940529561588535,0.720024481880057
0.732,49.4800621565518,-53.95088296543079,-5.575138001188154,23.67582248873348,-28.24923644998809,0,0.4696570101274746,-0.06904900628923247,0.719926080354913
0.734,49.50655065673146,-53.96939047561959,-5.572043020068496,23.66540348695413,-28.24395761192172,0,0.4698396821021164,-0.06869514233102936,0.7198283106664155
0.736,49.53284811362114,-53.98774157463295,-5.568958103346099,23.65501044521248,-28.2386853159262,0,0.4700209688925704,-0.06834368758774151,0.7197311690064976
0.738,49.55895596632153,-54.00593763425366,-5.565883234326092,23.64464365729825,-28.23341990389644,0,0.4702008822785326,-0.06799462600709191,0.719634651586764
0.74,49.5848756424286,-54.02398001329154,-5.562818395727382,23.63430340943422,-28.22816171068021,0,0.4703794339235942,-0.06764794163756691,0.719538754638434
0.742,49.61060855813466,-54.04187005771621,-5.559763569698237,23.62398998039248,-28.2229110641879,0,0.4705566353765784,-0.06730361862789255,0.7194434744122917
0.744,49.63615611832922,-54.05960910078705,-5.556718737829914,23.61370364161607,-28.21766828549676,0,0.4707324980728613,-0.06696164122652526,0.7193488071786223
0.746,49.66151971669825,-54.07719846318441,-5.553683881171442,23.60344465733883,-28.21243368896657,0,0.470907033335627,-0.06662199378114503,0.7192547492271674
0.748,49.68670073582302,-54.09463945313539,-5.550658980244571,23.59321328469126,-28.20720758233032,0,0.4710802523772102,-0.06628466073811451,0.7191612968670626
0.75,49.7117005472772,-54.11193336654101,-5.547644015056525,23.5830097738197,-28.20199026680179,0,0.4712521663003352,-0.06594962664198223,0.7190684464267786
0.752,49.73652051172309,-54.12908148710218,-5.544638965114511,23.57283436799769,-28.19678203718085,0,0.4714227860993451,-0.06561687613496794,0.7189761942540719
0.754,49.76116197900758,-54.14608508644272,-5.541643809438781,23.5626873037352,-28.19158318194787,0,0.471592122661456,-0.06528639395644331,0.7188845367159205
0.756,49.78562628825681,-54.16294542423221,-5.538658526575131,23.55256881089131,-28.18639398336695,0,0.4717601867679466,-0.06495816494242912,0.7187934701984676
0.758,49.80991476796916,-54.17966374830748,-5.535683094607771,23.54247911277659,-28.18121471757723,0,0.4719269890953925,-0.06463217402506935,0.7187029911069546
0.76,49.83402873610804,-54.19624129479255,-5.532717491172312,23.53241842626232,-28.17604565469274,0,0.4720925402168226,-0.06430840623212961,0.7186130958656668
0.762,49.85796950019434,-54.2126792882156,-5.529761693468645,23.52238696187938,-28.1708870588916,0,0.4722568506029101,-0.06398684668647228,0.7185237809178792
0.764,49.88173835739661,-54.2289789416274,-5.526815678271403,23.51238492392716,-28.16573918851293,0,0.4724199306231076,-0.06366748060556393,0.7184350427257851
0.766,49.90533659462093,-54.24514145671811,-5.523879421942723,23.50241251057239,-28.16060229615264,0,0.4725817905467732,-0.06335029330095848,0.718346877770446
0.768,49.9287654886005,-54.26116802393061,-5.520952900443803,23.49246991394895,-28.15547662874324,0,0.4727424405443305,-0.06303527017778338,0.7182592825517171
0.77,49.95202630598315,-54.27705982257532,-5.518036089345828,23.4825573202598,-28.15036242764871,0,0.472901890688354,-0.06272239673424271,0.7181722535881847
0.772,49.97512030341921,-54.29281802094155,-5.515128963841384,23.47267490986931,-28.14525992875424,0,0.4730601509546606,-0.06241165856110209,0.7180857874171178
0.774,49.99804872764737,-54.30844377640901,-5.512231498755253,23.4628228574006,-28.14016936254483,0,0.4732172312234203,-0.06210304134118105,0.7179998805943851
0.776,50.02081281558041,-54.32393823555824,-5.509343668555181,23.45300133183126,-28.13509095420019,0,0.4733731412801849,-0.06179653084885647,0.7179145296944083
0.778,50.04341379439052,-54.33930253427744,-5.506465447362447,23.44321049658461,-28.1300249236695,0,0.4735278908169721,-0.06149211294955259,0.7178297313100892
0.78,50.06585288159241,-54.35453779787179,-5.503596808960826,23.43345050962319,-28.12497148575683,0,0.4736814894333067,-0.06118977359923966,0.7177454820527371
0.782,50.08813128512659,-54.36964514116918,-5.500737726808871,23.42372152353384,-28.11993085020411,0,0.4738339466372383,-0.06088949884392494,0.7176617785520218
0.784,50.11025020344175,-54.38462566862551,-5.497888174048727,23.41402368562375,-28.1149032217736,0,0.4739852718463384,-0.06059127481916865,0.7175786174559027
0.786,50.13221082557627,-54.39948047442992,-5.495048123514551,23.40435713801057,-28.10988880032732,0,0.4741354743887061,-0.06029508774958442,0.717495995430554
0.788,50.15401433123858,-54.41421064260614,-5.492217547744164,23.39472201769625,-28.10488778089555,0,0.4742845635040055,-0.06000092394831325,0.7174139091603027
0.79,50.1756618908871,-54.4288172471157,-5.489396418986869,23.38511845666524,-28.09990035376461,0,0.4744325483443835,-0.05970876981655926,0.7173323553475653
0.792,50.19715466580985,-54.44330135195752,-5.486584709213031,23.37554658196345,-28.09492670454881,0,0.474579437975452,-0.05941861184308295,0.7172513307127831
0.794,50.21849380820225,-54.45766401126825,-5.48378239012212,23.36600651578416,-28.08996701426482,0,0.4747252413772414,-0.05913043660371323,0.7171708319943468
0.796,50.23968046124442,-54.47190626942238,-5.480989433152851,23.35649837554601,-28.08502145940607,0,0.4748699674451466,-0.05884423076084119,0.7170908559485335
0.798,50.26071575917859,-54.48602916112711,-5.478205809491077,23.34702227397228,-28.08009021200831,0,0.4750136249908766,-0.05855998106292987,0.7170113993494343
0.8,50.28160082738486,-54.50003371152101,-5.475431490077341,23.33757831917589,-28.07517343973364,0,0.4751562227433206,-0.05827767434404046,0.7169324589888963
0.802,50.30233678245706,-54.51392093626809,-5.472666445616821,23.32816661473209,-28.07027130593064,0,0.4752977693494942,-0.05799729752332475,0.7168540316764509
0.804,50.32292473227626,-54.5276918416541,-5.469910646586144,23.31878725976146,-28.06538396971293,0,0.4754382733753962,-0.05771883760456037,0.7167761142392464
0.806,50.34336577608556,-54.54134742467792,-5.467164063241517,23.30944034900082,-28.06051158601563,0,0.4755777433069405,-0.0574422816756458,0.7166987035219706
0.8080000000000001,50.36366100456307,-54.554888673146,-5.464426665626091,23.30012597288339,-28.055654305677,0,0.4757161875507693,-0.05716761690813429,0.7166217963867964
0.8100000000000001,50.38381149989459,-54.56831656576356,-5.461698423578068,23.29084421761072,-28.0508122754963,0,0.4758536144351507,-0.05689483055673814,0.7165453897133005
0.8120000000000001,50.40381833584442,-54.58163207222551,-5.458979306738001,23.28159516522692,-28.04598563830402,0,0.4759900322108064,-0.0566239099588631,0.7164694803984015
0.8140000000000001,50.42368257782747,-54.59483615330359,-5.456269284555919,23.27237889368304,-28.04117453301124,0,0.4761254490518205,-0.05635484253410125,0.7163940653562749
0.8160000000000001,50.44340528297958,-54.60792976093717,-5.453568326298772,23.2631954769152,-28.03637909469417,0,0.476259873056376,-0.05608761578378163,0.716319141518313
0.8180000000000001,50.46298750022699,-54.62091383832028,-5.450876401056816,23.25404498491197,-28.03159945464634,0,0.4763933122476203,-0.05582221729048426,0.7162447058330357
0.8200000000000001,50.4824302703554,-54.63378931998886,-5.448193477751305,23.24492748378301,-28.02683574044133,0,0.4765257745744694,-0.05555863471756434,0.7161707552660246
0.8220000000000001,50.5017346260788,-54.64655713190671,-5.445519525139291,23.23584303583373,-28.02208807600018,0,0.4766572679123748,-0.05529685580869961,0.7160972867998534
0.8240000000000001,50.52090159210659,-54.65921819154956,-5.44285451182289,23.22679169961934,-28.01735658163767,0,0.4767878000641788,-0.05503686838738589,0.7160242974340147
0.8260000000000001,50.53993218521101,-54.67177340799066,-5.440198406253732,23.21777353002278,-28.0126413741371,0,0.4769173787608202,-0.05477866035650161,0.7159517841848562
0.8280000000000001,50.55882741429394,-54.68422368198195,-5.437551176739697,23.20878857831098,-28.00794256679445,0,0.4770460116621706,-0.05452221969781529,0.7158797440855011
0.8300000000000001,50.57758828045244,-54.69656990603767,-5.434912791451993,23.19983689220131,-28.00326026948406,0,0.4771737063577551,-0.05426753447152974,0.7158081741857885
0.8320000000000001,50.59621577704409,-54.70881296451518,-5.432283218429353,23.19091851592731,-27.99859458871686,0,0.4773004703674986,-0.05401459281582874,0.7157370715522002
0.834,50.61471088975163,-54.72095373369599,-5.42966242558613,23.18203349029822,-27.99394562769061,0,0.477426311142487,-0.05376338294640218,0.7156664332677882
0.836,50.63307459664692,-54.73299308186476,-5.427050380715773,23.17318185276256,-27.98931348634875,0,0.4775512360656869,-0.05351389315599908,0.7155962564321037
0.838,50.65130786825433,-54.74493186938959,-5.424447051498519,23.16436363746525,-27.98469826143517,0,0.4776752524526708,-0.05326611181395602,0.7155265381611302
0.84,50.66941166761406,-54.7567709487978,-5.421852405505559,23.15557887530889,-27.98010004654016,0,0.4777983675523549,-0.0530200273657456,0.7154572755872042
0.842,50.68738695034361,-54.76851116485527,-5.419266410204775,23.14682759401397,-27.97551893216539,0,0.4779205885476597,-0.05277562833253338,0.7153884658589569
0.844,50.70523466470003,-54.7801533546414,-5.4166890329667,23.13810981817241,-27.97095500576375,0,0.4780419225562561,-0.0525329033107067,0.7153201061412326
0.846,50.72295575164068,-54.79169834762563,-5.414120241069336,23.12942556930913,-27.96640835180021,0,0.4781623766312107,-0.05229184097144249,0.715252193615029
0.848,50.74055114488403,-54.8031469657418,-5.411560001702681,23.12077486593678,-27.96187905179689,0,0.4782819577616924,-0.05205243006025007,0.7151847254774151
0.85,50.75802177096952,-54.81450002346187,-5.409008281974731,23.11215772360717,-27.95736718438215,0,0.478400672873649,-0.05181465939651753,0.7151176989414678
0.852,50.77536854931666,-54.82575832786941,-5.406465048915662,23.10357415496977,-27.95287282534113,0,0.4785185288304607,-0.05157851787307918,0.7150511112361976
0.854,50.7925923922843,-54.8369226787311,-5.403930269483638,23.09502416981994,-27.94839604765895,0,0.4786355324336196,-0.05134399445575635,0.7149849596064806
0.856,50.80969420522847,-54.847993868571,-5.40140391056814,23.08650777516162,-27.94393692158231,0,0.4787516904233174,-0.05111107818294364,0.7149192413129904
0.858,50.82667488656076,-54.85897268273823,-5.398885938995145,23.07802497525077,-27.9394955146505,0,0.478867009479152,-0.05087975816514698,0.7148539536321207
0.86,50.84353532780504,-54.86985989947949,-5.396376321531133,23.06957577165116,-27.93507189175188,0,0.4789814962207202,-0.05065002358455839,0.7147890938559185
0.862,50.86027641365453,-54.8806562900079,-5.393875024888728,23.06116016328392,-27.93066611516609,0,0.4790951572082521,-0.05042186369461546,0.7147246592920166
0.864,50.87689902202785,-54.89136261857109,-5.391382015729473,23.0527781464777,-27.92627824460677,0,0.4792079989432386,-0.0501952678195724,0.7146606472635537
0.866,50.8934040241244,-54.90197964251987,-5.388897260668991,23.04442971501582,-27.92190833726816,0,0.4793200278690357,-0.04997022535406453,0.7145970551091125
0.868,50.90979228447974,-54.9125081123762,-5.386420726281241,23.03611486018828,-27.91755644786981,0,0.4794312503714572,-0.04974672576268385,0.7145338801826459
0.87,50.92606466102053,-54.92294877189715,-5.383952379101967,23.02783357083288,-27.9132226286916,0,0.4795416727794071,-0.04952475857954039,0.7144711198534043
0.872,50.9422220051181,-54.93330235814327,-5.381492185633045,23.01958583338578,-27.90890692962294,0,0.4796513013654418,-0.04930431340784353,0.7144087715058676
0.874,50.95826516164249,-54.94356960154339,-5.379040112345749,23.01137163193201,-27.90460939820763,0,0.4797601423463303,-0.04908537991949158,0.7143468325396781
0.876,50.97419496901556,-54.953751225958,-5.37659612568535,23.00319094824426,-27.90033007967558,0,0.4798682018836728,-0.04886794785463106,0.7142853003695647
0.878,50.99001225926366,-54.9638479487443,-5.374160192074132,22.99504376183226,-27.8960690169909,0,0.4799754860844361,-0.04865200702125039,0.7142241724252762
0.88,51.00571785806963,-54.97386048081874,-5.371732277915288,22.98693004998414,-27.89182625088832,0,0.4800820010015305,-0.04843754729475624,0.7141634461515107
0.882,51.02131258482503,-54.98378952672023,-5.369312349596933,22.97884978781216,-27.88760181991357,0,0.4801877526343571,-0.04822455861755739,0.714103119007846
0.884,51.03679725268078,-54.99363578467117,-5.366900373494349,22.97080294829776,-27.8833957604635,0,0.4802927469293452,-0.04801303099866794,0.7140431884686689
0.886,51.05217266859825,-55.00339994663876,-5.364496315974232,22.96278950232537,-27.87920810681605,0,0.4803969897805437,-0.0478029545132638,0.7139836520230979
0.888,51.06743963339963,-55.01308269839627,-5.362100143398555,22.9548094187308,-27.875038891175,0,0.4805004870301111,-0.04759431930229299,0.7139245071749232
0.89,51.08259894181788,-55.02268471958222,-5.359711822126648,22.94686266434383,-27.87088814370845,0,0.4806032444688385,-0.04738711557207806,0.7138657514425381
0.892,51.09765138254587,-55.03220668375946,-5.357331318518525,22.93894920402121,-27.8667558925782,0,0.4807052678367134,-0.04718133359388868,0.7138073823588609
0.894,51.11259773828559,-55.04164925847557,-5.354958598938802,22.93106900069492,-27.8626421639866,0,0.4808065628233782,-0.04697696370355894,0.7137493974712783
0.896,51.12743878579663,-55.0510131053187,-5.352593629759041,22.9232220154047,-27.85854698219764,0,0.480907135068706,-0.04677399630106902,0.7136917943415598
0.898,51.14217529594421,-55.06029887997686,-5.350236377360704,22.91540820733942,-27.85447036958362,0,0.4810069901632593,-0.04657242185015417,0.7136345705458008
0.9,51.15680803374706,-55.0695072322932,-5.347886808138745,22.90762753387443,-27.85041234665093,0,0.4811061336488134,-0.04637223087790543,0.7135777236743486
0.902,51.17133775842441,-55.07863880632433,-5.345544888503202,22.89987995061104,-27.8463729320827,0,0.4812045710188249,-0.04617341397437874,0.7135212513317346
0.904,51.18576522344281,-55.08769424039438,-5.343210584883055,22.89216541141081,-27.84235214276194,0,0.4813023077189523,-0.04597596179219421,0.7134651511366001
0.906,51.20009117656281,-55.09667416715094,-5.340883863728592,22.88448386843335,-27.83834999381499,0,0.4813993491474967,-0.04577986504615272,0.7134094207216416
0.908,51.21431635988485,-55.10557921361971,-5.338564691513508,22.87683527217389,-27.83436649863769,0,0.4814957006559014,-0.04558511451284525,0.7133540577335268
0.91,51.22844150989483,-55.11441000125782,-5.336253034738035,22.86921957149362,-27.83040166892564,0,0.4815913675492333,-0.04539170103025592,0.713299059832832
0.912,51.24246735750891,-55.12316714600839,-5.333948859931945,22.86163671365799,-27.82645551470973,0,0.4816863550866263,-0.04519961549738621,0.7132444246939764
0.914,51.25639462811884,-55.13185125835115,-5.331652133655728,22.8540866443661,-27.82252804437669,0,0.4817806684817886,-0.04500884887385842,0.7131901500051405
0.916,51.27022404163603,-55.14046294335827,-5.329362822504686,22.84656930779313,-27.8186192647201,0,0.4818743129033622,-0.04481939217955908,0.7131362334682271
0.918,51.2839563125358,-55.14900280074248,-5.327080893109355,22.83908464661454,-27.81472918094902,0,0.4819672934754703,-0.0446312364942355,0.7130826727987625
0.92,51.2975921499006,-55.15747142491119,-5.324806312139024,22.83163260204546,-27.81085779673117,0,0.482059615278098,-0.0444443729571346,0.7130294657258462
0.922,51.31113225746341,-55.1658694050161,-5.322539046303844,22.82421311386889,-27.80700511421646,0,0.4821512833475581,-0.04425879276661859,0.7129766099920787
0.924,51.32457733365046,-55.17419732500348,-5.320279062356523,22.8168261204693,-27.80317113406795,0,0.4822423026769128,-0.04407448717979831,0.712924103353495
0.926,51.33792807162403,-55.18245576366345,-5.318026327094882,22.80947155886176,-27.79935585548498,0,0.4823326782164248,-0.04389144751215135,0.7128719435794917
0.928,51.35118515932394,-55.19064529468027,-5.315780807364258,22.80214936472278,-27.79555927623722,0,0.4824224148739573,-0.04370966513715907,0.7128201284527694
0.93,51.36434927950987,-55.19876648667969,-5.31354247005868,22.79485947242219,-27.79178139268666,0,0.4825115175154105,-0.04352913148593893,0.712768655769257
0.9320000000000001,51.37742110980203,-55.20681990327889,-5.311311282123765,22.78760181505194,-27.78802219982154,0,0.4825999909651124,-0.04334983804688031,0.7127175233380538
0.9340000000000001,51.39040132272277,-55.21480610313234,-5.309087210557247,22.78037632445653,-27.78428169127546,0,0.4826878400062545,-0.04317177636528147,0.7126667289813511
0.9360000000000001,51.40329058573673,-55.22272563998008,-5.306870222412473,22.77318293125974,-27.78055985935703,0,0.482775069381285,-0.04299493804298329,0.7126162705343758
0.9380000000000001,51.41608956129141,-55.23057906269439,-5.304660284799662,22.76602156489502,-27.77685669507703,0,0.4828616837923001,-0.04281931473801534,0.7125661458453225
0.9400000000000001,51.42879890685717,-55.23836691532529,-5.302457364887148,22.75889215363136,-27.77317218817199,0,0.482947687901452,-0.04264489816423364,0.7125163527752877
0.9420000000000001,51.44141927496605,-55.24608973714786,-5.300261429904217,22.75179462460145,-27.76950632712652,0,0.4830330863313504,-0.0424716800909615,0.7124668891981942
0.9440000000000001,51.45395131325203,-55.25374806270558,-5.298072447141588,22.74472890383141,-27.76585909920211,0,0.4831178836654246,-0.0422996523426494,0.7124177530007376
0.9460000000000001,51.46639566448903,-55.26134242185604,-5.295890383953678,22.73769491626127,-27.76223049045671,0,0.4832020844483376,-0.04212880679850506,0.7123689420823117
0.9480000000000001,51.47875296662991,-55.26887333981596,-5.293715207760664,22.73069258577796,-27.75862048577633,0,0.4832856931863208,-0.04195913539216165,0.7123204543549557
0.9500000000000001,51.49102385284456,-55.276341337204,-5.291546886049203,22.72372183523643,-27.75502906889092,0,0.4833687143475869,-0.0417906301113164,0.7122722877432764
0.9520000000000001,51.50320895155767,-55.28374693008523,-5.289385386374475,22.71678258648801,-27.75145622240147,0,0.4834511523626794,-0.04162328299739262,0.7122244401843878
0.9540000000000001,51.5153088864863,-55.29109063001384,-5.287230676361777,22.70987476040433,-27.74790192780099,0,0.4835330116248467,-0.04145708614519106,0.7121769096278452
0.9560000000000001,51.52732427667737,-55.29837294407569,-5.285082723707598,22.7029982769016,-27.74436616549982,0,0.4836142964903933,-0.04129203170254958,0.712129694035585
0.9580000000000001,51.53925573654414,-55.30559437492986,-5.282941496181244,22.69615305496476,-27.74084891484189,0,0.4836950112790576,-0.04112811187000193,0.7120827913818525
0.96,51.55110387590312,-55.31275542085142,-5.280806961626065,22.68933901267325,-27.73735015413378,0,0.4837751602743378,-0.04096531890044489,0.7120361996531452
0.962,51.56286930000991,-55.3198565757718,-5.278679087961453,22.6825560672181,-27.73386986065672,0,0.4838547477238843,-0.04080364509878312,0.7119899168481412
0.964,51.57455260959564,-55.32689832932034,-5.276557843182949,22.67580413493397,-27.7304080107001,0,0.4839337778397864,-0.04064308282162329,0.7119439409776469
0.966,51.58615440090244,-55.3338811668645,-5.274443195364492,22.66908313131717,-27.72696457957244,0,0.4840122547989567,-0.04048362447692208,0.7118982700645222
0.968,51.59767526571859,-55.34080556954974,-5.272335112659464,22.66239297104575,-27.72353954162371,0,0.484090182743467,-0.04032526252365398,0.7118529021436208
0.97,51.60911579141382,-55.34767201433979,-5.270233563301388,22.65573356800936,-27.72013287026963,0,0.4841675657808543,-0.0401679894715006,0.7118078352617275
0.972,51.62047656097365,-55.35448097405545,-5.268138515606263,22.64910483531999,-27.71674453800455,0,0.4842444079844944,-0.0400117978804955,0.7117630674774934
0.974,51.63175815303399,-55.36123291741323,-5.266049937972424,22.64250668534113,-27.71337451642744,0,0.4843207133938917,-0.03985668036072457,0.7117185968613771
0.976,51.64296114191545,-55.3679283090646,-5.263967798882945,22.63593902970719,-27.71002277626029,0,0.484396486015006,-0.03970262957199255,0.7116744214955846
0.978,51.65408609765707,-55.37456760963296,-5.261892066905431,22.62940177934269,-27.70668928736173,0,0.4844717298205981,-0.03954963822349947,0.711630539473995
0.98,51.66513358605,-55.3811512757518,-5.259822710693064,22.62289484448495,-27.70337401875025,0,0.4845464487505241,-0.03939769907352814,0.7115869489021051
0.982,51.67610416867042,-55.38767976010271,-5.257759698986665,22.61641813470217,-27.70007693862475,0,0.4846206467120418,-0.03924680492912297,0.7115436478969738
0.984,51.68699840291291,-55.39415351145111,-5.255703000615204,22.60997155891078,-27.69679801437296,0,0.4846943275801602,-0.03909694864576185,0.7115006345871453
0.986,51.69781684202279,-55.40057297468383,-5.253652584496529,22.60355502540111,-27.69353721260188,0,0.4847674951978866,-0.03894812312706866,0.7114579071126051
0.988,51.70856003512887,-55.40693859084483,-5.251608419638547,22.59716844185054,-27.69029449914619,0,0.4848401533765749,-0.03880032132447619,0.7114154636247058
0.99,51.71922852727536,-55.41325079717092,-5.249570475140099,22.59081171534417,-27.68706983908658,0,0.4849123058962158,-0.03865353623692538,0.7113733022861071
0.992,51.72982285945395,-55.41951002712724,-5.247538720191338,22.58448475239386,-27.68386319677082,0,0.4849839565057171,-0.03850776091055991,0.7113314212707224
0.994,51.74034356863513,-55.42571671044283,-5.245513124075321,22.57818745895557,-27.68067453582838,0,0.4850551089232051,-0.03836298843841565,0.7112898187636534
0.996,51.75079118779988,-55.43187127314476,-5.243493656168791,22.5719197404473,-27.67750381918399,0,0.4851257668363227,-0.03821921196011355,0.711248492961128
0.998,51.76116624597049,-55.43797413759261,-5.241480285942558,22.56568150176647,-27.67435100907806,0,0.4851959339025008,-0.03807642466156208,0.7112074420704461
1,51.77146926824147,-55.44402572251353,-5.239472982961949,22.55947264730965,-27.67121606708311,0,0.4852656137492409,-0.03793461977465667,0.711166664309913
