"time","theta","y","x"
0,0,0,0
0.002,0.02000000000000002,0,0.03
0.004,0.04000000000000004,0.000599960000799993,0.05999400019999733
0.006,0.06000000000000005,0.001799640026399019,0.08997000339982666
0.008,0.08000000000000007,0.003598560220782358,0.1199160195978828
0.01,0.1000000000000001,0.005996001039857542,0.1498200707869614
0.012,0.1200000000000001,0.008991003539262389,0.1796701957453021
0.014,0.1400000000000001,0.01258236975792997,0.2094544548209181
0.016,0.1600000000000001,0.01676866319725707,0.2391609347072972
0.018,0.1800000000000002,0.02154820939568446,0.2687777532085661
0.02,0.2000000000000002,0.02691909659845919,0.2982930639922097
0.022,0.2200000000000002,0.03287917652231103,0.3276950613274469
0.024,0.2400000000000002,0.03942606521473711,0.3569719848073651
0.026,0.2600000000000002,0.04655714400755116,0.3861121240529259
0.028,0.2800000000000002,0.05426956056431582,0.4151038233969613
0.03,0.3000000000000003,0.06256023002123924,0.4439354865462845
0.032,0.3200000000000003,0.07142583622107944,0.4725955812200526
0.034,0.3400000000000003,0.08086283303956299,0.5010726437625258
0.036,0.3600000000000003,0.09086744580378743,0.5293552837283761
0.038,0.3800000000000003,0.1014356728020401,0.5574321884387142
0.04,0.4000000000000004,0.1125632868844296,0.5852921275060096
0.042,0.4200000000000004,0.1242458371536891,0.6129239573260961
0.044,0.4400000000000004,0.1364786507454763,0.6403166255354653
0.046,0.4600000000000004,0.1492568346974563,0.6674591754320642
0.048,0.4800000000000004,0.1625752779064219,0.6943407503578299
0.05,0.5000000000000004,0.1764286531726664,0.7209505980412084
0.052,0.5200000000000005,0.1908114193307925,0.7472780748979196
0.054,0.5400000000000005,0.2057178234661046,0.7733126502882491
0.056,0.5600000000000005,0.221141903215698,0.7990439107291638
0.058,0.5800000000000005,0.2370774891533245,0.8244615640595663
0.06,0.6000000000000005,0.2535182072570807,0.8495554435570218
0.062,0.6200000000000006,0.2704574814589318,0.8743155120043122
0.064,0.6400000000000006,0.287888536275051,0.8987318657041883
0.066,0.6600000000000006,0.3058043995159228,0.922794738440717
0.068,0.6800000000000006,0.3241979050751259,0.946494505385638
0.07000000000000001,0.7000000000000006,0.3430616957956799,0.9698216869481657
0.07200000000000001,0.7200000000000006,0.3623882264128107,0.9927669525667003
0.074,0.7400000000000007,0.3821697665719549,1.015321124440927
0.076,0.7600000000000007,0.4023984039207993,1.037475181202815
0.078,0.7800000000000007,0.4230660472741158,1.059220261525042
0.08,0.8000000000000007,0.4441644298501282,1.08054766766541
0.082,0.8200000000000007,0.4656851125771139,1.101448868945825
0.08400000000000001,0.8400000000000007,0.4876194874689208,1.121915505164454
0.08600000000000001,0.8600000000000012,0.5099587810680466,1.141939389939693
0.08799999999999999,0.8800000000000008,0.5326940579549049,1.161512513984615
0.09,0.9000000000000004,0.5558162243218739,1.180627048310572
0.092,0.9199999999999999,0.5793160316106984,1.199275347358692
0.094,0.9399999999999995,0.6031840802117894,1.217449952057996
0.096,0.9599999999999991,0.6274108232239428,1.235143592808928
0.098,0.9799999999999986,0.6519865702729728,1.252349192391102
0.1,0.9999999999999982,0.6769014913877319,1.269059868794089
0.102,1.019999999999998,0.7021456209319688,1.285268937970133
0.104,1.039999999999997,0.7277088615904496,1.300969916507682
0.106,1.059999999999997,0.7535809884077497,1.316156524224666
0.108,1.079999999999997,0.7797516528780992,1.330822686680482
0.11,1.099999999999996,0.8062103870846475,1.344962537605694
0.112,1.119999999999996,0.8329466078864906,1.358570421248461
0.114,1.139999999999995,0.8599496211517856,1.371640894636763
0.116,1.159999999999995,0.8872086260352621,1.384168729755514
0.118,1.179999999999994,0.914712719298415,1.396148915637702
0.12,1.199999999999994,0.9424508996706555,1.407576660368709
0.122,1.219999999999994,0.9704120722496723,1.418447393003009
0.124,1.239999999999993,0.9985850529392443,1.428756765392491
0.126,1.259999999999993,1.02695857292273,1.438500653925654
0.128,1.279999999999992,1.055521283170446,1.447675161177003
0.13,1.299999999999992,1.084261758979123,1.456276617465962
0.132,1.319999999999991,1.113168504541638,1.4643015823247
0.134,1.339999999999991,1.142229957545186,1.471746845874271
0.136,1.359999999999991,1.171434493796046,1.478609430108525
0.138,1.37999999999999,1.200770431869105,1.484886590085268
0.14,1.39999999999999,1.230226037780276,1.490575815024203
0.142,1.419999999999989,1.25978952967993,1.495674829311211
0.144,1.439999999999989,1.289449082565481,1.500181593408562
0.146,1.459999999999988,1.319192833011231,1.504094304670706
0.148,1.479999999999988,1.349008883913581,1.507411398065309
0.15,1.499999999999988,1.37888530924971,1.510131546799239
0.152,1.519999999999987,1.408810158847832,1.51225366284927
0.154,1.539999999999987,1.438771463167099,1.513776897397278
0.156,1.559999999999986,1.468757238085264,1.514700641169752
0.158,1.579999999999986,1.498755489692163,1.515024524681501
0.16,1.599999999999985,1.528754219087125,1.514748418383437
0.162,1.619999999999985,1.55874142717837,1.513872432714399
0.164,1.639999999999985,1.588705119482486,1.512396918056974
0.166,1.659999999999984,1.618633310922061,1.510322464597353
0.168,1.679999999999984,1.648514030619557,1.50764990208926
0.17,1.699999999999983,1.678335326685499,1.504380299522064
0.172,1.719999999999983,1.708085270999073,1.500514964693199
0.174,1.739999999999982,1.737751963979214,1.496055443685058
0.176,1.759999999999982,1.767323539344281,1.491003520246587
0.178,1.779999999999982,1.79678816885841,1.485361215079801
0.18,1.799999999999981,1.826134067062651,1.479130785031538
0.182,1.819999999999981,1.855349495988997,1.472314722190746
0.184,1.83999999999998,1.884422769855411,1.464915752891681
0.186,1.85999999999998,1.913342259739985,1.456936836623413
0.188,1.879999999999979,1.942096398232352,1.448381164846062
0.19,1.899999999999979,1.9706736840605,1.439252159714268
0.192,1.919999999999979,1.999062686691123,1.429553472708363
0.194,1.939999999999978,2.027252050901683,1.419288983173837
0.196,1.959999999999978,2.055230501322349,1.408462796769645
0.198,1.979999999999977,2.082986846945995,1.397079243826001
0.2,1.999999999999977,2.110509985604449,1.385142877612304
0.202,2.019999999999976,2.13778890840922,1.37265847251589
0.204,2.039999999999976,2.164812704154899,1.359631022132342
0.206,2.059999999999976,2.1915705636835,1.346065737268115
0.208,2.079999999999975,2.21805178420798,1.331968043856288
0.21,2.099999999999975,2.244245773593206,1.317343580786258
0.212,2.119999999999974,2.270142054592672,1.302198197648263
0.214,2.139999999999974,2.295730269039259,1.286537952393622
0.216,2.159999999999973,2.321000181988359,1.270369108911637
0.218,2.179999999999973,2.34594168581172,1.25369813452412
0.22,2.199999999999973,2.370544804240361,1.236531697398547
0.222,2.219999999999972,2.394799696354949,1.218876663880887
0.224,2.239999999999972,2.418696660522032,1.20074009574915
0.226,2.259999999999971,2.442226138274565,1.182129247388771
0.228,2.279999999999971,2.46537871813517,1.163051562890951
0.23,2.299999999999971,2.488145139380598,1.143514673075126
0.232,2.31999999999997,2.5105162957459,1.123526392436732
0.234,2.33999999999997,2.532483239066808,1.103094716021518
0.236,2.359999999999969,2.554037182858882,1.082227816227631
0.238,2.379999999999969,2.575169505831988,1.060934039536768
0.24,2.399999999999968,2.595871755338697,1.039221903175692
0.242,2.419999999999968,2.616135650755232,1.017100091709455
0.244,2.439999999999968,2.635953086793609,0.9945774535676911
0.246,2.459999999999967,2.65531613674364,0.9716629975053586
0.248,2.479999999999967,2.674217055643518,0.9483658889993604
0.25,2.499999999999966,2.69264828337769,0.924695446582475
0.252,2.519999999999966,2.710602447700809,0.9006611381160676
0.254,2.539999999999965,2.728072367186533,0.8762725770030715
0.256,2.559999999999965,2.745051054099995,0.8515395183427554
0.258,2.579999999999965,2.761531717192809,0.8264718550288138
0.26,2.599999999999964,2.777507764419479,0.8010796137923412
0.262,2.619999999999964,2.792972805574124,0.7753729511912733
0.264,2.639999999999963,2.80792065484648,0.7493621495478997
0.266,2.659999999999963,2.82234533329614,0.7230576128360718
0.268,2.679999999999962,2.836241071244052,0.6964698625197518
0.27,2.699999999999962,2.849602310580309,0.6696095333445676
0.272,2.719999999999962,2.862423706987325,0.6424873690840562
0.274,2.739999999999961,2.874700132077487,0.6151142182422979
0.276,2.759999999999961,2.886426675444441,0.587501029714659
0.278,2.77999999999996,2.897598646627194,0.5596588484083794
0.28,2.79999999999996,2.908211576986229,0.5315988108247577
0.282,2.819999999999959,2.918261221490908,0.5033321406046983
0.284,2.839999999999959,2.92774356041742,0.4748701440394055
0.286,2.859999999999959,2.936654800956627,0.4462242055480171
0.288,2.879999999999958,2.944991378731125,0.4174057831239889
0.29,2.899999999999958,2.95274995922096,0.38842640375205
0.292,2.919999999999957,2.959927439097381,0.3592976587975626
0.294,2.939999999999957,2.966520947464135,0.3300311993701304
0.296,2.959999999999956,2.972527847005789,0.3006387316633101
0.298,2.979999999999956,2.977945735042618,0.2711320122722902
0.3,2.999999999999956,2.982772444491642,0.2415228434914093
0.302,3.019999999999955,2.98700604473344,0.2118230685933961
0.304,3.039999999999955,2.99064484238436,0.1820445670922181
0.306,3.059999999999954,2.993687381973859,0.1521992499914345
0.308,3.079999999999954,2.996132446526669,0.1222990550199532
0.31,3.099999999999953,2.997979058049567,0.09235594185709894
0.312,3.119999999999953,2.999226477922567,0.06238188734890062
0.314,3.139999999999953,2.999874207194352,0.0323888807175128
0.316,-3.123185307179634,2.999921986781848,0.002388918765686619
0.318,-3.103185307179634,2.999369797573858,-0.02760599892179135
0.32,-3.083185307179634,2.998217860438702,-0.05758387477777303
0.322,-3.063185307179634,2.996466636135876,-0.08753271805161571
0.324,-3.043185307179634,2.994116825131751,-0.1174405496053224
0.326,-3.023185307179634,2.9911693673194,-0.1472954067050375
0.328,-3.003185307179634,2.987625441642646,-0.1770853478059805
0.33,-2.983185307179634,2.983486465624511,-0.2067984573289048
0.332,-2.963185307179634,2.978754094800215,-0.236422850426171
0.334,-2.943185307179634,2.973430222054991,-0.2659466777355267
0.336,-2.923185307179634,2.967516976866952,-0.295358130119694
0.338,-2.903185307179634,2.961016724455332,-0.3246454433898666
0.34,-2.883185307179634,2.953932064834427,-0.3537969030112287
0.342,-2.863185307179634,2.946265831773623,-0.3828008487886129
0.344,-2.843185307179634,2.938021091663931,-0.4116456795304223
0.346,-2.823185307179634,2.929201142291465,-0.4403198576889527
0.348,-2.803185307179634,2.919809511518377,-0.468811913975258
0.35,-2.783185307179634,2.909849955871756,-0.4971104519467128
0.352,-2.763185307179634,2.899326459041069,-0.5252041525654372
0.354,-2.743185307179634,2.888243230284736,-0.5530817787257614
0.356,-2.723185307179634,2.876604702746485,-0.580732179748918
0.358,-2.703185307179634,2.864415531682154,-0.6081442958431649
0.36,-2.683185307179634,2.851680592597648,-0.6353071625275544
0.362,-2.663185307179634,2.838404979298804,-0.6622099150175794
0.364,-2.643185307179634,2.824594001853935,-0.6888417925709426
0.366,-2.623185307179634,2.810253184469876,-0.7151921427917095
0.368,-2.603185307179634,2.795388263282372,-0.7412504258911251
0.37,-2.583185307179634,2.780005184061701,-0.7670062189033889
0.372,-2.563185307179634,2.764110099834448,-0.792449219854702
0.374,-2.543185307179634,2.74770936842237,-0.8175692518839192
0.376,-2.523185307179634,2.730809549899361,-0.8423562673131582
0.378,-2.503185307179634,2.713417403967499,-0.8668003516667363
0.38,-2.483185307179633,2.695539887253267,-0.8908917276368291
0.382,-2.463185307179633,2.677184150524987,-0.9146207589942624
0.384,-2.443185307179633,2.658357535832609,-0.9379779544428762
0.386,-2.423185307179633,2.639067573570993,-0.9609539714159163
0.388,-2.403185307179633,2.619321979467847,-0.9835396198129361
0.39,-2.383185307179633,2.599128651497541,-1.005725865675715
0.392,-2.363185307179633,2.578495666722023,-1.02750383480172
0.394,-2.343185307179633,2.5574312780601,-1.04886481629367
0.396,-2.323185307179633,2.535943910986382,-1.069800266043778
0.398,-2.303185307179633,2.514042160161204,-1.090301810151279
0.4,-2.283185307179633,2.491734785992876,-1.110361248271881
0.402,-2.263185307179633,2.469030711133639,-1.12997055689779
0.404,-2.243185307179633,2.445939016910719,-1.149121892567011
0.406,-2.223185307179633,2.42246893969392,-1.167807595000624
0.408,-2.203185307179633,2.398629867201199,-1.186020190166793
0.41,-2.183185307179633,2.374431334743703,-1.203752393270286
0.412,-2.163185307179633,2.349883021411772,-1.220997111666285
0.414,-2.143185307179633,2.324994746203431,-1.237747447697359
0.416,-2.123185307179633,2.299776464096926,-1.253996701452431
0.418,-2.103185307179633,2.27423826206886,-1.269738373446653
0.42,-2.083185307179633,2.248390355059538,-1.284966167221113
0.422,-2.063185307179633,2.222243081887131,-1.299673991861335
0.424,-2.043185307179633,2.195806901112282,-1.313855964433565
0.426,-2.023185307179633,2.169092386854823,-1.327506412337866
0.428,-2.003185307179633,2.142110224564269,-1.340619875577078
0.43,-1.983185307179633,2.114871206745777,-1.35319110894075
0.432,-1.963185307179633,2.087386228643294,-1.36521508410315
0.434,-1.943185307179633,2.059666283881599,-1.376686991634532
0.436,-1.923185307179633,2.031722460069002,-1.387602242924839
0.438,-1.903185307179633,2.00356593436245,-1.39795647201909
0.44,-1.883185307179633,1.975207968996808,-1.407745537363702
0.442,-1.863185307179633,1.946659906780123,-1.416965523463055
0.444,-1.843185307179633,1.917933166556645,-1.425612742445643
0.446,-1.823185307179633,1.889039238639446,-1.433683735539166
0.448,-1.803185307179633,1.859989680214446,-1.441175274454
0.45,-1.783185307179633,1.830796110717691,-1.448084362674463
0.452,-1.763185307179633,1.801470207187738,-1.454408236657388
0.454,-1.743185307179633,1.772023699594993,-1.460144366937498
0.456,-1.723185307179633,1.742468366149877,-1.465290459139163
0.458,-1.703185307179633,1.712816028591704,-1.469844454894115
0.46,-1.683185307179633,1.683078547460136,-1.473804532664771
0.462,-1.663185307179633,1.653267817351132,-1.477169108472824
0.464,-1.643185307179633,1.623395762159265,-1.479936836532811
0.466,-1.623185307179633,1.593474330308322,-1.48210660979041
0.468,-1.603185307179633,1.563515489972097,-1.483677560365248
0.47,-1.583185307179633,1.533531224287279,-1.484649059898041
0.472,-1.563185307179633,1.503533526560356,-1.485020719801929
0.474,-1.543185307179633,1.473534395470455,-1.484792391417906
0.476,-1.523185307179633,1.443545830270029,-1.483964166074281
0.478,-1.503185307179633,1.413579825985317,-1.482536375050149
0.48,-1.483185307179633,1.38364836861849,-1.480509589442882
0.482,-1.463185307179633,1.353763430353415,-1.4778846199397
0.484,-1.443185307179633,1.323936964766936,-1.474662516493406
0.486,-1.423185307179633,1.294180902047608,-1.470844567902415
0.488,-1.403185307179633,1.264507144223777,-1.466432301295261
0.49,-1.383185307179633,1.234927560402927,-1.461427481519755
0.492,-1.363185307179632,1.205453982024197,-1.455832110437079
0.494,-1.343185307179632,1.176098198125962,-1.449648426121062
0.496,-1.323185307179632,1.146871950630378,-1.442878901962982
0.498,-1.303185307179632,1.117786929646763,-1.435526245682242
0.5,-1.283185307179632,1.088854768795717,-1.427593398243322
0.502,-1.263185307179632,1.060087040555822,-1.419083532679426
0.504,-1.243185307179632,1.031495251634811,-1.410000052823318
0.506,-1.223185307179632,1.003090838367032,-1.400346591945827
0.508,-1.203185307179632,0.9748851621390725,-1.390127011302595
0.51,-1.183185307179632,0.9468895048453531,-1.379345398589618
0.512,-1.163185307179632,0.9191150643755206,-1.36800606630823
0.514,-1.143185307179632,0.891572950135442,-1.356113550040154
0.516,-1.123185307179632,0.8642741786035901,-1.343672606633332
0.518,-1.103185307179632,0.8372296689245989,-1.330688212299249
0.52,-1.083185307179632,0.8104502385417512,-1.317165560622518
0.522,-1.063185307179632,0.7839465988701459,-1.303110060483508
0.524,-1.043185307179632,0.7577293510122746,-1.288527333894871
0.526,-1.023185307179632,0.7318089815177217,-1.273423213752808
0.528,-1.003185307179632,0.7061958581886847,-1.257803741503992
0.53,-0.9831853071796322,0.6809002259329915,-1.241675164729064
0.532,-0.9631853071796321,0.6559322026662737,-1.225043934643691
0.534,-0.9431853071796321,0.6313017752649355,-1.207916703518158
0.536,-0.9231853071796321,0.607018795571536,-1.190300322016557
0.538,-0.9031853071796321,0.5830929764541841,-1.172201836456606
0.54,-0.8831853071796321,0.5595338879215198,-1.153628485991219
0.542,-0.863185307179632,0.5363509532948393,-1.134587699712941
0.544,-0.843185307179632,0.5135534454388916,-1.11508709368241
0.546,-0.823185307179632,0.4911504830528563,-1.095134467882032
0.548,-0.803185307179632,0.4691510270229857,-1.074737803096098
0.55,-0.783185307179632,0.4475638768383695,-1.053905257718568
0.552,-0.763185307179632,0.4263976670712568,-1.032645164489831
0.554,-0.7431853071796319,0.405660863923342,-1.010966027163715
0.556,-0.7231853071796319,0.3853617618393973,-0.988876517106097
0.5580000000000001,-0.7031853071796319,0.3655084801896051,-0.9663854698264787
0.5600000000000001,-0.6831853071796319,0.3461089600219186,-0.9435018814438949
0.5620000000000001,-0.6631853071796319,0.3271709608857479,-0.9202349050885883
0.5640000000000001,-0.6431853071796318,0.3087020577282443,-0.8965938472408788
0.5660000000000001,-0.6231853071796318,0.2907096378644219,-0.8725881640086954
0.5680000000000001,-0.6031853071796318,0.2732008980223306,-0.8482274573452596
0.5700000000000001,-0.5831853071796318,0.2561828414644604,-0.8235214712084318
0.5720000000000001,-0.5631853071796318,0.2396622751865301,-0.7984800876632577
0.5740000000000001,-0.5431853071796318,0.2236458071947796,-0.7731133229292749
0.5760000000000001,-0.5231853071796317,0.2081398438628556,-0.747431323374158
0.578,-0.5031853071796317,0.1931505873693473,-0.7214443614553068
0.58,-0.4831853071796317,0.1786840332169982,-0.6951628316110007
0.582,-0.4631853071796317,0.1647459678345843,-0.6685972461027617
0.584,-0.4431853071796317,0.1513419662624202,-0.6417582308105901
0.586,-0.4231853071796317,0.1384773899224171,-0.6146565209827539
0.588,-0.4031853071796316,0.1261573844735856,-0.587302956941833
0.59,-0.3831853071796316,0.1143868777538407,-0.5597084797487344
0.592,-0.3631853071796316,0.1031705778089324,-0.5318841268264138
0.594,-0.3431853071796316,0.09251297100928985,-0.5038410275450539
0.596,-0.3231853071796316,0.08241832025553343,-0.4755903987704641
0.598,-0.3031853071796315,0.0728906632733711,-0.4471435403774841
0.6,-0.2831853071796315,0.06393381099856199,-0.4185118307301849
0.602,-0.2631853071796315,0.05555134605259292,-0.3897067221306743
0.604,-0.2431853071796315,0.04774662130967756,-0.3607397362383291
0.606,-0.2231853071796315,0.04052275855565147,-0.3316224594612849
0.608,-0.2031853071796315,0.03388264723929937,-0.3023665383220274
0.61,-0.1831853071796314,0.02782894331661418,-0.2729836747989386
0.612,-0.1631853071796314,0.02236406818844999,-0.2434856216456613
0.614,-0.1431853071796314,0.01749020773199403,-0.2138841776901547
0.616,-0.1231853071796314,0.01320931142644495,-0.1841911831153205
0.618,-0.1031853071796314,0.009523091573247103,-0.1544185147230872
0.62,-0.08318530717963135,0.006433022611192837,-0.124578081183848
0.622,-0.06318530717963133,0.003940340526666598,-0.09468181827315161
0.624,-0.04318530717963132,0.002046042359266879,-0.0647416840975507
0.626,-0.0231853071796313,0.0007508858030036685,-0.03476965431151904
0.628,-0.00318530717963128,5.538890323094714e-05,-0.004777717327349339
0.63,0.01681469282036874,-4.017015056454414e-05,0.02522213048005191
0.632,0.03681469282036876,0.0004642468639646092,0.05521788957155439
0.634,0.05681469282036877,0.001568438186738066,0.08519756204345962
0.636,0.07681469282036879,0.003271962155949071,0.1151491564265025
0.638,0.09681469282036881,0.005574137384723291,0.145060692482279
0.64,0.1168146928203688,0.008474043033664476,0.174920205995182
0.642,0.1368146928203688,0.01197051917917794,0.204715753557928
0.644,0.1568146928203689,0.01606216727742455,0.2344354173487604
0.646,0.1768146928203689,0.02074735072371957,0.2640673098984198
0.648,0.1968146928203689,0.02602419550715277,0.2935995788449731
0.65,0.2168146928203689,0.03189059096016778,0.3230204116745998
0.652,0.2368146928203689,0.03834419060280093,0.3523180404464408
0.654,0.256814692820369,0.04538241308124204,0.3814807464996172
0.656,0.276814692820369,0.05300244320034145,0.4104968651405384
0.658,0.296814692820369,0.06120123304965055,0.4393547903086247
0.66,0.316814692820369,0.06997550322254537,0.4680429792185759
0.662,0.336814692820369,0.07932174412794545,0.4965499569773322
0.664,0.356814692820369,0.08923621739410351,0.524864321173878
0.666,0.3768146928203691,0.09971495736390432,0.5529747464400546
0.668,0.3968146928203691,0.1107537726810746,0.5808699889805562
0.67,0.4168146928203691,0.1223482479666698,0.6085388910702981
0.672,0.4368146928203691,0.1344937455851665,0.6359703855173583
0.674,0.4568146928203691,0.1471854074994552,0.6631535000897062
0.676,0.4768146928203691,0.1604181572139901,0.6900773619039496
0.678,0.4968146928203692,0.1741867018053196,0.716731201774343
0.68,0.5168146928203692,0.1884855340391854,0.7431043585203179
0.6820000000000001,0.5368146928203692,0.2033089345733425,0.7691862832308133
0.6840000000000001,0.5568146928203692,0.2186509742452199,0.7949665434836994
0.6860000000000001,0.5768146928203692,0.2345055164435067,0.8204348275186073
0.6880000000000001,0.5968146928203693,0.2508662195627147,0.8455809483614956
0.6900000000000001,0.6168146928203693,0.2677265395397359,0.8703948478993042
0.6920000000000001,0.6368146928203693,0.2850797324713807,0.8948666009030657
0.6940000000000001,0.6568146928203693,0.3029188573118495,0.9189864189978642
0.6960000000000001,0.6768146928203693,0.3212367786490579,0.942744654578055
0.6980000000000001,0.6968146928203693,0.3400261695587065,0.9661318046661784
0.7000000000000001,0.7168146928203694,0.3592795145349535,0.9891385147140237
0.7020000000000001,0.7368146928203694,0.3789891124965162,1.011755582344324
0.704,0.7568146928203694,0.399147079867001,1.033973961031583
0.706,0.7768146928203694,0.4197453537282292,1.055784763720568
0.708,0.7968146928203694,0.4407756950452962,1.07717926638101
0.71,0.8168146928203694,0.462229691962076,1.098148911497101
0.712,0.8368146928203695,0.4840987631658514,1.118685311490386
0.714,0.8568146928203695,0.5063741613197246,1.138780252074683
0.716,0.8768146928203695,0.5290469765614353,1.158425695541687
0.718,0.8968146928203691,0.5521081400671871,1.177613783975947
0.72,0.9168146928203686,0.5755484276790558,1.196336842397927
0.722,0.9368146928203682,0.5993584635945296,1.214587381833896
0.724,0.9568146928203678,0.6235287241167052,1.232358102311416
0.726,0.9768146928203674,0.6480495414636396,1.249641895779237
0.728,0.9968146928203669,0.6729111076353339,1.266431848950418
0.73,1.016814692820367,0.6981034783368025,1.282721246067555
0.732,1.036814692820366,0.7236165769556587,1.298503571588989
0.734,1.056814692820366,0.749440198592625,1.313772512794941
0.736,1.076814692820365,0.7755640141433571,1.32852196231251
0.738,1.096814692820365,0.8019775744299474,1.342746020558548
0.74,1.116814692820364,0.8286703143804576,1.356438998099406
0.742,1.136814692820364,0.8556315572548058,1.369595417926639
0.744,1.156814692820364,0.8828505189153206,1.382210017647733
0.746,1.176814692820363,0.9103163121402527,1.394277751590991
0.748,1.196814692820363,0.9380179509785176,1.405793792823738
0.75,1.216814692820362,0.9659443551439304,1.416753535083026
0.752,1.236814692820362,0.994084354447172,1.427152594618078
0.754,1.256814692820361,1.022426693263716,1.436986811943733
0.756,1.276814692820361,1.050960035035929,1.446252253504182
0.758,1.296814692820361,1.079672966807541,1.454945213246339
0.76,1.31681469282036,1.108554003788678,1.46306221410221
0.762,1.33681469282036,1.137591593949622,1.470600009379679
0.764,1.356814692820359,1.166774122641472,1.477555584061138
0.766,1.376814692820359,1.196089917241846,1.483926156009453
0.768,1.396814692820358,1.225527251823777,1.489709177080786
0.77,1.416814692820358,1.255074351845923,1.494902334143813
0.772,1.436814692820358,1.284719398862233,1.49950355000495
0.774,1.456814692820357,1.314450535249161,1.503510984239203
0.776,1.476814692820357,1.344255868948564,1.506923033926308
0.778,1.496814692820356,1.374123478224359,1.509738334291885
0.78,1.516814692820356,1.404041416431067,1.511955759253323
0.782,1.536814692820355,1.433997716792305,1.513574421870205
0.784,1.556814692820355,1.463980397187341,1.514593674699064
0.786,1.576814692820355,1.49397746494378,1.515013110052359
0.788,1.596814692820354,1.523976921634475,1.514832560161541
0.79,1.616814692820354,1.553966767876739,1.51405209724416
0.792,1.636814692820353,1.583935008131932,1.512672033474975
0.794,1.656814692820353,1.613869655503524,1.510692920861095
0.796,1.676814692820352,1.64375873653169,1.508115551021177
0.798,1.696814692820352,1.673590295982535,1.504940954868792
0.8,1.716814692820352,1.703352401630026,1.501170402200074
0.802,1.736814692820351,1.733033149028728,1.496805401185818
0.804,1.756814692820351,1.762620666275419,1.491847697768229
0.806,1.77681469282035,1.792103118757695,1.486299274962573
0.8080000000000001,1.79681469282035,1.821468713887658,1.480162352063994
0.8100000000000001,1.816814692820349,1.850705705818791,1.473439383759827
0.8120000000000001,1.836814692820349,1.879802400144144,1.466133059147755
0.8140000000000001,1.856814692820349,1.908747158573937,1.458246300660206
0.8160000000000001,1.876814692820348,1.937528403590724,1.449782262895422
0.8180000000000001,1.896814692820348,1.966134623080242,1.440744331355654
0.8200000000000001,1.916814692820347,1.994554374936106,1.431136121093014
0.8220000000000001,1.936814692820347,2.0227762916365,1.420961475263501
0.8240000000000001,1.956814692820346,2.05078908479103,1.410224463589786
0.8260000000000001,1.976814692820346,2.078581549655934,1.398929380733379
0.8280000000000001,1.996814692820346,2.106142569615826,1.387080744576825
0.8300000000000001,2.016814692820345,2.133461120630199,1.374683294416606
0.8320000000000001,2.036814692820345,2.160526275642888,1.361741989067489
0.834,2.056814692820344,2.187327208952754,1.348262004879066
0.836,2.076814692820344,2.213853200543813,1.334248733665281
0.838,2.096814692820343,2.240093640373102,1.319707780547778
0.84,2.116814692820343,2.26603803261456,1.304644961713928
0.842,2.136814692820343,2.29167599985721,1.289066302090429
0.844,2.156814692820342,2.316997287255989,1.272978032933418
0.846,2.176814692820342,2.341991766633551,1.256386589336051
0.848,2.196814692820341,2.3666494405314,1.23929860765455
0.85,2.216814692820341,2.390960446208743,1.22172092285375
0.852,2.236814692820341,2.414915059587448,1.203660565773208
0.854,2.25681469282034,2.438503699141558,1.185124760314952
0.856,2.27681469282034,2.461716929729759,1.166120920554025
0.858,2.296814692820339,2.484545466369324,1.146656647772951
0.86,2.316814692820339,2.506980177949973,1.126739727421322
0.862,2.336814692820338,2.529012090886197,1.106378126001724
0.864,2.356814692820338,2.550632392706579,1.085579987883238
0.866,2.376814692820338,2.571832435578657,1.06435363204381
0.868,2.396814692820337,2.592603739767946,1.042707548742758
0.87,2.416814692820337,2.612937997029716,1.020650396124795
0.872,2.436814692820336,2.632827073932183,0.9981909967568744
0.874,2.456814692820336,2.65226301510977,0.9753383340992897
0.876,2.476814692820335,2.671238046445149,0.9521015489124057
0.878,2.496814692820335,2.689744578178782,0.9284899356004774
0.88,2.516814692820335,2.707775207944727,0.9045129384940124
0.882,2.536814692820334,2.725322723731482,0.880180148072164
0.884,2.556814692820334,2.742380106766696,0.8555012971266684
0.886,2.576814692820333,2.758940534324584,0.8304862568688567
0.888,2.596814692820333,2.774997382454925,0.8051450329813025
0.89,2.616814692820332,2.790544228632556,0.7794877616156823
0.892,2.636814692820332,2.805574854326295,0.7535247053384502
0.894,2.656814692820332,2.820083247486269,0.7272662490259474
0.896,2.676814692820331,2.834063604948657,0.700722895710591
0.898,2.696814692820331,2.847510334756877,0.6739052623798003
0.9,2.71681469282033,2.860418058398292,0.6468240757293441
0.902,2.73681469282033,2.872781612955547,0.6194901678728048
0.904,2.756814692820329,2.884596053171664,0.5919144720088778
0.906,2.776814692820329,2.89585665342808,0.5641080180482376
0.908,2.796814692820329,2.906558909634832,0.5360819282017208
0.91,2.816814692820328,2.916698541032133,0.5078474125315897
0.912,2.836814692820328,2.926271491902616,0.4794157644676572
0.914,2.856814692820327,2.935273933193571,0.4507983562900651
0.916,2.876814692820327,2.943702264048512,0.4220066345805244
0.918,2.896814692820326,2.951553113247475,0.3930521156438342
0.92,2.916814692820326,2.958823340555455,0.3639463809015141
0.922,2.936814692820326,2.965510037978464,0.3347010722593898
0.924,2.956814692820325,2.97161053092669,0.3053278874509858
0.926,2.976814692820325,2.97712237928429,0.2758385753585884
0.928,2.996814692820324,2.982043378385412,0.2462449313138487
0.93,3.016814692820324,2.986371559896028,0.2165587923798082
0.9320000000000001,3.036814692820323,2.990105192601243,0.1867920326162304
0.9340000000000001,3.056814692820323,2.993242783097755,0.156956558330136
0.9360000000000001,3.076814692820323,2.995783076391199,0.1270643033134384
0.9380000000000001,3.096814692820322,2.997725056398129,0.09712722406958624
0.9400000000000001,3.116814692820322,2.999067946352434,0.06715729503112125
0.9420000000000001,3.136814692820321,2.999811209116038,0.03716650377006513
0.9440000000000001,-3.126370614359265,2.999954547393744,0.0071668462030504
0.9460000000000001,-3.106370614359265,2.999497903852154,-0.02282967820688623
0.9480000000000001,-3.086370614359265,2.998441461142595,-0.05281107124992911
0.9500000000000001,-3.066370614359265,2.996785641828066,-0.08276534076860759
0.9520000000000001,-3.046370614359265,2.994531108214214,-0.1126805054544991
0.9540000000000001,-3.026370614359265,2.991678762084426,-0.142544599640593
0.9560000000000001,-3.006370614359265,2.988229744339122,-0.1723456780873972
0.9580000000000001,-2.986370614359265,2.984185434539415,-0.2020718207608756
0.96,-2.966370614359265,2.979547450355301,-0.231711137600302
0.962,-2.946370614359265,2.974317646918614,-0.2612517732741264
0.964,-2.926370614359265,2.968498116081,-0.2906819119219489
0.966,-2.906370614359265,2.9620911855772,-0.3199897818807071
0.968,-2.886370614359265,2.955099418093992,-0.3491636603931839
0.97,-2.866370614359265,2.947525610245147,-0.3781918782969543
0.972,-2.846370614359265,2.939372791452822,-0.4070628246918943
0.974,-2.826370614359265,2.93064422273583,-0.4357649515843869
0.976,-2.806370614359265,2.921343395405279,-0.464286778506365
0.978,-2.786370614359265,2.911474029668091,-0.4926168971073457
0.98,-2.766370614359265,2.901040073138973,-0.5207439757176187
0.982,-2.746370614359265,2.890045699261417,-0.5486567638807622
0.984,-2.726370614359265,2.878495305638387,-0.5763440968536768
0.986,-2.706370614359265,2.866393512273326,-0.6037949000723328
0.988,-2.686370614359265,2.853745159722227,-0.6309981935814486
0.99,-2.666370614359265,2.840555307157467,-0.6579430964263262
0.992,-2.646370614359265,2.82682923034421,-0.6846188310050882
0.994,-2.626370614359265,2.812572419530169,-0.7110147273795751
0.996,-2.606370614359265,2.797790577249581,-0.7371202275431773
0.998,-2.586370614359265,2.782489616042271,-0.7629248896438983
1,-2.566370614359265,2.766675656088711,-0.7884183921609553
