q1_tau_UR10,q2_tau_UR10,q3_tau_UR10,q4_tau_UR10,q5_tau_UR10,q6_tau_UR10
-0.678854682264496,-9.91319242633334,39.9255644048527,1.29918264974331,0.0213894944086827,-0.0291693744239474
-1.78641439059461,-10.6254032535357,39.7840474228425,1.27515576296991,0.104695149089572,-0.0290531337375101
-2.8069633889223,-10.9821733473308,39.6589592083696,1.24946373183814,0.180299297170172,-0.02929010468058
-3.6355658999507,-10.94265083126,39.5599199508122,1.22185325079654,0.239644887264399,-0.0293219726653375
-4.20190581690828,-10.5600552462069,39.4792805680753,1.18929745806188,0.277799116184523,-0.0283299177025974
-4.48535134752738,-9.81877010134739,39.427105419205,1.15376612965718,0.292825427203216,-0.0254677717042308
-4.51198043183712,-8.75898142534194,39.4008345950454,1.11611570463959,0.287060132501336,-0.0201662018066476
-4.33845430129586,-7.43425989203594,39.3956297928354,1.07723166887894,0.265321952615902,-0.0123648377701163
-4.03166987936198,-5.88686768455475,39.4090318215962,1.04047696534935,0.232780524248554,-0.0025636789035431
-3.65298242969723,-4.15877405155238,39.4381183605025,1.00838432318403,0.194300928022465,0.0083171632276804
-3.2498389587126,-2.27533460047392,39.4776913750753,0.98260296493319,0.153801705313871,0.0191908636385564
-2.85462307939978,-0.290518778620991,39.5224700623191,0.964564008246876,0.113845776587571,0.029060314795123
-2.48624781232772,1.7890923380967,39.5716676403527,0.955183181907416,0.0759602368401154,0.0371955701577701
-2.15397088023498,3.95537991256592,39.6263344033189,0.956311914942514,0.0404155985460433,0.0432034902883399
-1.8605869427768,6.1895917002988,39.6822916030762,0.966949549870324,0.0076245417036364,0.0470055435552627
-1.60508984764322,8.47832231849267,39.7373255231032,0.986323282924,-0.0224373137589195,0.0487615893320294
-1.38446969102942,10.7990488526104,39.7877334023969,1.01246380760757,-0.0498937321561004,0.048777033620184
-1.19485736604376,13.1656472850427,39.8372170989529,1.04600351729895,-0.0752604047463109,0.0474195840897303
-1.03221042993746,15.5740327051856,39.8836137979672,1.08539726574787,-0.0987844531350425,0.0450576117094883
-7.54292722820574,34.8871173808646,37.1006935849966,1.89173665176458,-0.467425455715936,1.03485686013865
-6.66696690380825,36.8889527604046,36.7896479551465,2.04634479792651,-0.546388412113722,0.99369802653116
-20.1220952500977,11.91017798612,39.4355219207553,2.36710611918572,1.32258146365417,-0.853371613596035
-19.6701998615078,12.0455723018507,39.6033704575326,2.19345925828904,1.29762344863799,-0.710449290255748
-5.73836043108971,18.2357470037111,40.0489661290067,1.26624689885569,0.257372820623289,0.0300514495038411
1.32434069026811,23.3726555227346,40.1253824891521,1.00867579907316,-0.266337951771369,0.210307956780136
1.3806215201207,25.34721513229,40.1930045178928,1.04602301954925,-0.259312224513216,0.163079478876918
1.40522610143678,27.396722266831,40.2551668669852,1.07165608077061,-0.250664757905439,0.128854463879047
1.40386630949151,29.5724676768225,40.3216078634716,1.09325913351688,-0.241561308834782,0.103501033310613
1.38189321772336,31.8486052752813,40.3850888134791,1.11076739247192,-0.231793057866376,0.0843523018595637
1.34419821831766,34.2061238119771,40.4441162537126,1.12537446724065,-0.221567723072772,0.0696395308680436
1.29497029435603,36.6146055722072,40.4941207692007,1.13591204972514,-0.210761221093418,0.0581608031757374
1.23784789547399,39.0832415614485,40.5401308232416,1.14507914118459,-0.199969749806356,0.0490813939424849
1.17575378683268,41.6162423405087,40.5826993614169,1.15333433147284,-0.18932358250398,0.0418101795606154
1.11102934423989,44.1985007423917,40.6202729446126,1.15996805282536,-0.178837467463407,0.0359211242282338
1.04552526525089,46.8301540379047,40.6537702650564,1.16555413267083,-0.168636255701557,0.0311022356243388
0.980676529460108,49.5027155988511,40.6839378695705,1.17007811335064,-0.15880865759437,0.027121713428973
0.917512321948628,52.200055502122,40.7101002980828,1.17314533239453,-0.149335695433678,0.0238050476371292
0.856808018211794,54.929564733745,40.7333487258016,1.17492305864909,-0.140281790490969,0.0210192419008795
0.799125870542533,57.6879900710176,40.7553565582234,1.17580792896405,-0.131715944849779,0.0186617895728877
0.744824457426303,60.472552478769,40.7749014483726,1.17437756574124,-0.12349271000539,0.0166528636177916
0.694149271832744,63.2628624995999,40.7932625563979,1.17143092647462,-0.115748522749481,0.0149296322361109
0.647348625800015,66.0715481038054,40.8130623822018,1.16644645194889,-0.108444604513667,0.0134421695416274
9.88376302049353,89.1542624549033,37.3746804875093,1.7900369697509,-0.644653735521265,0.09694284378752
9.57518464683557,90.7594634817266,37.0424642440077,1.85985296352472,-0.611931712111379,0.0907856588612399
9.68780964643463,90.1503695046772,37.168699996253,1.83184047023682,-0.624179953975385,0.093092710388447
10.243132579046,87.4215705915276,37.718895305133,1.71150503195775,-0.683247578994107,0.104437588952103
0.67256263987321,64.5969181371494,40.7982631105787,1.16850122845835,-0.112213166548164,0.0142369012738594
0.721483256162791,61.808127524369,40.7818163899787,1.17322777465752,-0.119844237241326,0.0158490443501319
0.774111082127365,59.0179577189307,40.7626651508385,1.17489781024031,-0.1277938024963,0.0177231371815205
0.830269780598113,56.2445929877941,40.7432092783767,1.17569987312271,-0.136277415414727,0.0199157728839785
0.889621366843389,53.4948383719608,40.7204362464123,1.17392725174357,-0.145065833225532,0.0224985974343992
0.951737225910576,50.7849857249966,40.6964953143547,1.17172634605493,-0.154383706576876,0.0255631262802941
1.01591712721369,48.0987276575772,40.6686822119747,1.16803030691646,-0.164071365293899,0.0292275668087076
1.08125581731885,45.4475375460999,40.6370586064032,1.16310498712856,-0.174111579018559,0.0336462156468041
1.14650635683109,42.8442948698993,40.6013555913255,1.15683796315487,-0.184452389446311,0.0390228830037666
1.21002882196706,40.2835559873839,40.5609054344917,1.14911062549089,-0.19497498165532,0.0456302267845735
1.26972205155136,37.7793115994921,40.5166717734875,1.14033884616812,-0.205699419147384,0.0538381058619264
1.32287379279909,35.3384359274072,40.4674102447496,1.12996449152451,-0.216407398092902,0.0641559581500518
1.36621512162062,32.9604426295572,40.4125008913786,1.1170797934662,-0.226867776615969,0.0772973504919286
1.39582656407446,30.6527883919107,40.3527291475384,1.10161965489905,-0.236945632005015,0.0942805572399598
1.40709719463454,28.4278912712089,40.2879102020973,1.08212259288755,-0.246371150686898,0.116589098190483
1.3949209417425,26.2994951739025,40.2218725602644,1.05785697356676,-0.255057027280899,0.146434846033493
1.35356347003412,24.2896368469106,40.1558504622939,1.025993370141,-0.262735700882076,0.187202002994646
1.27721218767331,22.4076928917872,40.0946260789288,0.982235933839803,-0.269221965100117,0.244220434804364
-19.1858329878605,12.1650235418944,39.7639422901874,2.03980370585701,1.26951604379003,-0.586906170900504
-20.0182990021539,11.9613477765453,39.477246965443,2.323782028748,1.31712185931124,-0.817583849523654
-6.49418315638094,37.3748663873703,36.723645311979,2.08151872910494,-0.562252127025548,0.985203243194379
-7.05632213988805,36.0106024465124,36.9369670755974,1.97589660091933,-0.511640434347492,1.01236909027328
-0.9669357014615,16.7256609888189,39.9031369700401,1.10584517652042,-0.109006828432388,0.0437637535470169
-1.11874544467024,14.3049913755372,39.8584679125117,1.06386239309878,-0.0861555179584834,0.046465194500549
-1.2957684268926,11.9167106777283,39.8109269491917,1.0276213279851,-0.061680374553973,0.048316466239834
-1.50198302141926,9.56937527992783,39.7602626658433,0.99774521644263,-0.0351602006341668,0.0489624738008002
-1.74138462269445,7.26936303220757,39.7073468526863,0.975131176417302,-0.0062717024738205,0.0480290709391186
-2.01749362803083,5.02683961503218,39.6558172683356,0.961395328082583,0.0250130006455131,0.0451738180814321
-2.3324030143514,2.82828118184443,39.6012711054074,0.956074479802787,0.0592700468278276,0.0401603154121712
-2.68530108766753,0.69250433715792,39.5468989199172,0.959664574876214,0.0963966254135358,0.0329491409650468
-3.07020209232319,-1.35511861893257,39.4967819320366,0.973129511742803,0.135707786976929,0.0237856606483981
-3.47293711032824,-3.29020130641364,39.4552345783998,0.99592163958284,0.176095732661851,0.0132514231510899
-3.86745704525364,-5.07865783725818,39.4234824922329,1.02596083609571,0.215701615668817,0.0022394574383505
-4.21342108533846,-6.72950336476177,39.4011905502542,1.0604987342928,0.251502616435468,-0.0081753204441315
-4.45482473708902,-8.16265199903512,39.3965990914186,1.0980767716097,0.278846608146568,-0.0169641698918527
-4.5259814511896,-9.358086661299,39.4123513241149,1.13645188079827,0.29238928244486,-0.0234122924007455
-4.36307931260863,-10.2521775038605,39.4519990369659,1.1729794314385,0.287114992213134,-0.0273230944386686
-3.9239736376259,-10.8177377443013,39.5173259869576,1.20631885142523,0.259454130025044,-0.029057526633389
-3.20696430226675,-11.0167914556382,39.6089213918456,1.23645120996391,0.209047576743866,-0.0293743485037822
-2.26092512464331,-10.8372475811172,39.7242610578815,1.26321855217646,0.139717800507152,-0.0291407251158492
-1.17808715595099,-10.2917647672742,39.8577082604295,1.2876538556328,0.058733262522791,-0.0290515112296139
31.8537411154211,-8.05245138645075,40.37734466935,0.967072648348561,-1.97804276086521,-1.11736346577315
31.9788874120836,-3.69685960464847,40.2113856430904,1.00230183314749,-2.03359802234357,-1.08632027282885
31.7121027261114,-2.22957813346851,40.1539420555598,1.02165821918656,-2.0271293766695,-1.07533467301261
-34.1161715652549,-9.11478995464452,41.2011163800473,1.95906032907416,2.60600376994816,-0.506627674228961
-32.4452596016741,-11.5847671027994,41.5233821756822,1.89064057923521,2.51690802947748,-0.403790268722346
2.56022132311842,-5.22943335193671,40.3196019988852,1.30507854516944,-0.221685932165473,0.0864333526865312
3.24834138955538,-3.13589757483705,40.4031340671307,1.308366747513,-0.271210123640316,0.0732034060850132
3.67001637026515,-0.855808068698264,40.4835863953821,1.30856017859252,-0.300191440610161,0.0619412217038706
3.86510685587194,1.5745051735009,40.5587068285151,1.30673990164369,-0.311311083879281,0.0525210010093702
3.88478041801119,4.1134175190393,40.6250308386164,1.30251061058397,-0.308323818169248,0.0447293137367397
3.77932228317902,6.73545066070758,40.6813769394051,1.29634937199807,-0.295055048301504,0.0383245575816878
3.59202589343921,9.4202172652284,40.7274909925867,1.28856704198308,-0.274957461171345,0.0330725350505188
3.35690576365096,12.1616275064994,40.7651943289522,1.2802219410007,-0.250727429895296,0.0287638999755728
3.09905888873868,14.9565484476396,40.7968870679844,1.2723853179092,-0.224333322253326,0.0252202901292963
2.83594070072361,17.7867644080604,40.8211806007368,1.26421252872091,-0.197316927336539,0.0222942354147553
2.57897115801615,20.655702616366,40.840640517449,1.25649516316227,-0.170583141613998,0.0198658167729341
17.0641397538252,39.5471060587833,38.2606499205329,1.41224857601423,-1.26078789674569,0.246356603309672
15.0425775047552,41.8081930219072,38.0050111446871,1.49244609925578,-1.07887355307921,0.230925978405222
14.5965782631053,12.6219089683498,41.6060108912186,1.24614039084457,-0.893225986702477,0.182526420611112
13.8711558306826,12.6800212419489,41.7799069831629,1.22279016108612,-0.826017999903326,0.16363698713668
-1.33469307753363,27.3185509363828,40.8958663041468,1.29253306332843,0.186988734624978,-0.0323906050531769
-1.2524169901897,29.3631476384537,40.9118788184261,1.2938077960718,0.17528278790418,-0.0284910741489844
-1.16760309291935,31.51143818612,40.9268259580259,1.29473757324154,0.163738539999206,-0.0251598364376991
-1.08274713867081,33.7256995809791,40.9388853678335,1.2942514331115,0.152406494770997,-0.022299063216203
-0.999757905727142,36.011791758222,40.949446660783,1.29311675074065,0.141497697056419,-0.0198307150618868
-0.919992446247703,38.3840065816932,40.9610187192232,1.29282994395709,0.131232348633041,-0.0176918830503246
-0.844259055445538,40.8236247552226,40.9724934604539,1.29282369336557,0.12157516996999,-0.0158314113170898
-0.77297767484585,43.3061158575327,40.9814573592198,1.29108642337233,0.112411130016641,-0.0142073484030247
-0.70639411950455,45.8448951208806,40.9897971208935,1.28866625076614,0.103857145950741,-0.0127849892975468
-0.644468695289086,48.4222595210896,40.9978097399728,1.28606892471921,0.0959020913083959,-0.0115354828735992
-0.587051275801815,51.0441633300745,41.0062809524534,1.28323404745499,0.0885467276300312,-0.0104347159256048
-0.533891020724461,53.7077199397296,41.0142962148052,1.27953767538004,0.0817291476997874,-0.0094624482424704
-0.484586545714749,56.3977894191235,41.0223468338033,1.27510084317356,0.0754397514342385,-0.0086016214598873
-0.438768660829053,59.124858703746,41.0309835997624,1.2697448280264,0.0696396150052582,-0.0078378392477342
-0.395910368896271,61.8669601390871,41.0391495147218,1.26258076697842,0.0642834872390714,-0.0071589556277619
-0.355428515290396,64.6211128463951,41.0489807452233,1.25378758892229,0.0593495142498679,-0.0065547485629407
-0.31667755633398,67.3780773838201,41.0602033079381,1.24181735580265,0.0548052212421578,-0.0060167268721753
-8.14195326990269,91.8150393451008,36.6634544713039,2.09850491960844,0.324222684893898,-0.0509677527286788
-7.87934016936506,94.9861675791705,35.9433534799394,2.23510415838145,0.289176848072652,-0.0457801621849455
-7.81720634689945,95.8829290524422,35.7331190903995,2.27394380847614,0.280477408979312,-0.0444985496916487
-7.93139145486695,94.3056237831704,36.1064039576707,2.20227778896487,0.296517418635502,-0.046868818062536
-0.290242734406952,69.4019511367132,41.0673500040951,1.23061939030754,0.0517461947429382,-0.005672850689115
-0.328327123230886,66.6694827278205,41.0541926440908,1.24549992943614,0.0560469831304112,-0.0061683752681111
-0.367340819090608,63.8859323975236,41.0422166496075,1.25552355844906,0.0606709167702482,-0.0067250663452332
-0.40842013514029,61.1501936802127,41.0365715291277,1.26535358902596,0.065773431220468,-0.007350248617672
-0.452021714362717,58.399948365777,41.0273331648702,1.27137081859204,0.0712326833998703,-0.0080529406072285
-0.498808656979371,55.6916074047855,41.0194927664675,1.27656149682995,0.077173927337573,-0.0088438812347922
-0.549155065200511,53.0054793530079,41.0118475729843,1.2808782630797,0.0836174857588875,-0.0097358465807226
-0.603519285785564,50.3569166311415,41.0038226541124,1.28431077335779,0.0905907659606466,-0.0107439682958291
-0.662187231098095,47.7388915215763,40.9952197768211,1.28685079391518,0.0981001402956877,-0.0118861801818985
-0.725432181098002,45.1637516841037,40.9862551389924,1.28882853209147,0.106177105018566,-0.0131837844740457
-0.793392478508564,42.6417031511192,40.9783071693339,1.29143396605431,0.114944435730068,-0.0146621702737019
-0.865996623141849,40.169799515137,40.9687964725296,1.29253814554019,0.124230568832028,-0.016351797654594
-0.942985630028338,37.75267627458,40.9584138476144,1.29323754286675,0.134110354907595,-0.0182893150471859
-1.02382055627923,35.4082613147103,40.9479437272977,1.29432161982572,0.144612506884163,-0.0205191641241164
-1.10751047667801,33.1339828878892,40.9366677796606,1.29507106949756,0.155635407226588,-0.0230956624787264
-1.19257763112342,30.933051877241,40.9229904935244,1.29459528568655,0.166974361591991,-0.0260857474857264
-1.27696844636046,28.8160555870823,40.907909280643,1.29365111009634,0.178575841850609,-0.0295726844890689
12.8150502804757,12.8460213650307,42.0402957284178,1.18448941802631,-0.72874868857166,0.137885884629809
14.1812626260202,12.6709362078588,41.7054919514091,1.2330045955404,-0.854908944265749,0.171609867069921
14.6195033031137,42.3548362543473,37.9492301113709,1.51093168382601,-1.04014468915573,0.227677359129015
15.4501192694866,41.3723111233073,38.0582777716265,1.47535683293114,-1.11586685189868,0.23404931486432
18.0274081457719,38.6004288902629,38.3722345217347,1.3766860979466,-1.34693842729778,0.253768457691953
2.65198910006837,19.8981756021951,40.8364414400149,1.25886982373491,-0.178108035272086,0.020534295344343
2.9115902962615,17.035180869263,40.8150978922556,1.26632731183125,-0.205021610039104,0.0230977722303205
3.1745504571556,14.2126747998826,40.7891849929071,1.27440616237273,-0.231975082335221,0.026191548585584
3.42781610359788,11.4303167182842,40.7561965829342,1.28258445323485,-0.257875994215895,0.0299432041607964
3.65184618572792,8.70092539163594,40.7157004588516,1.29048248615523,-0.281130760545987,0.034509064317636
3.81915872416762,6.02428990000646,40.6665178422725,1.29777066862052,-0.299506204271533,0.0400767201151969
3.89273808845696,3.42446094862239,40.6075691433467,1.30337304130294,-0.310094718240556,0.0468638515656108
3.82703781011434,0.912914726574025,40.5397870128599,1.3074113711708,-0.309318373530427,0.0551092875134421
3.57056374371417,-1.47748311423303,40.4648394963224,1.30955238959875,-0.293294615417172,0.06505103517129
3.07402489345871,-3.71444379203438,40.3828496112236,1.30831327466002,-0.258432460763789,0.0768841605478579
2.30384921358885,-5.75354217074056,40.2977400102924,1.30384683545463,-0.202611736128849,0.0906936300956857
-33.2100932547003,-10.6944967129425,41.406463090361,1.9157475133567,2.56321177616906,-0.438997846347244
-34.2560971829096,-8.65757947746931,41.1476430278397,1.96989150292829,2.60914120765318,-0.525487897157571
