time,q1,q2,q3,q4,q5,q6,qd1,qd2,qd3,qd4,qd5,qd6,qdd1,qdd2,qdd3,qdd4,qdd5,qdd6
0,0.415980135167306,-0.97558915401784,-1.93672321620884,-0.392746965631612,0.973880420938385,0.464477398364515,0.884735949767636,0.0874233836396174,0.0240102775075482,-0.0776579176436179,-0.691510130472582,-0.373262399265825,-0.134216634913364,-0.342673053254971,0.163361617408864,0.0506483717778311,0.168671093000949,-0.0476564866532247
1,0.503524927881862,-0.968599878057739,-1.93350559570722,-0.400201722114335,0.905826943720074,0.426913569251812,0.863674288013125,0.0520102032954774,0.0403390738153266,-0.0708943112245316,-0.667109183462058,-0.378011258947009,-0.283151742974386,-0.363823265956541,0.163180958827915,0.0832093543675777,0.315486289892641,-0.0474668552538082
2,0.588234651429539,-0.965242690043027,-1.92865636102064,-0.406826731925153,0.840931487142136,0.388874550802785,0.828252722372897,0.0149377275543727,0.0566392359545625,-0.061169799846181,-0.628571278302658,-0.382775861670724,-0.419168226855948,-0.375646194603608,0.162800489750647,0.109397846985989,0.449178212973689,-0.0478543599444214
3,0.6687627354746,-0.965633234643429,-1.92217929488989,-0.412363801057364,0.780517415204861,0.35035721707719,0.78048880609437,-0.0227578816166473,0.0728931576913197,-0.0492993588317562,-0.577931083188044,-0.387571912061406,-0.528546398472773,-0.376311521681126,0.162266691123306,0.125800022966773,0.556094035445209,-0.0479068684362538
4,0.744026173272411,-0.969776677382434,-1.91407971811973,-0.416652210595292,0.725643155692063,0.311362273322059,0.723557117563638,-0.0599272481530808,0.0890875008891819,-0.0364035498737603,-0.518373547330655,-0.392299951652591,-0.60225802773145,-0.36542069199209,0.161615297124204,0.129830713002502,0.627270561056992,-0.0462862494744198
5,0.813293614993785,-0.977563998625541,-1.90436414875691,-0.419653873630913,0.67701474172148,0.271907338211565,0.661205754215406,-0.0954624624949318,0.10521119344997,-0.0237891692606809,-0.453651467703845,-0.396720479050745,-0.63785414953893,-0.344152817830401,0.160854472428598,0.12041008290091,0.660305221785895,-0.0416102160898934
6,0.876209577488165,-0.988783646548467,-1.89304022648373,-0.421463689979572,0.634962056042208,0.232040322157446,0.597101028379291,-0.12844158810325,0.121252356183963,-0.0127785561503311,-0.387432591721493,-0.400474809621792,-0.639045498413759,-0.314934959204358,0.159961541072486,0.0982850790439901,0.658927750054966,-0.0329485409347185
7,0.932758700493925,-1.00314536334895,-1.88011692869836,-0.42230202957128,0.599474765426808,0.191848339091929,0.534313155028193,-0.158222611709724,0.137195857858451,-0.0045308376051245,-0.322787956113502,-0.403151545376757,-0.613517764625926,-0.280811145953463,0.158898452837342,0.0658757867262466,0.630819200230226,-0.0202025109478087
8,0.983190904104868,-1.02031010444407,-1.86560492672997,-0.422490857640282,0.570277126576823,0.151458532549863,0.475056447855179,-0.184471136568325,0.153023176626048,9.98539336913157E-05,-0.261933816590055,-0.404376831965799,-0.570257840488919,-0.244794213396404,0.157640370556628,0.026724833203845,0.584951529687766,-0.0041891465711318
9,1.027933248527,-1.03991975642986,-1.84951680740664,-0.422418857725932,0.546915989615546,0.111030020372385,0.420672875905079,-0.20713193338369,0.168715220870042,0.0006395558614575,-0.206215446642629,-0.403896469264537,-0.517477462594812,-0.209409668318602,0.156203774032887,-0.0152405071731503,0.529526278773174,0.0135882464876724
10,1.06750883720641,-1.06162216213628,-1.83186689086228,-0.422502743292915,0.528841802105869,0.0707391660363876,0.371772379258612,-0.22636773235704,0.184257354189505,-0.0030037125205436,-0.156246426456582,-0.401624208902655,-0.461546109163297,-0.176489869223348,0.154661049442187,-0.0564038877103878,0.470917041410696,0.0313540132099443
11,1.1024734797532,-1.08508937152828,-1.8126705046997,-0.423151562501818,0.515471989947528,0.0307621714618621,0.328433438317813,-0.242488263414667,0.199644930280406,-0.0105981392969082,-0.112107642691433,-0.397646987459864,-0.406782439351272,-0.147167425875685,0.153136460552844,-0.0939492336742287,0.41346232362191,0.0474790469178199
12,1.13337244684849,-1.11002899542531,-1.79194275276878,-0.424738812483536,0.50623439797142,-0.0087409399185771,0.290396187030213,-0.25588515887254,0.214887625876236,-0.0216815977187997,-0.0735390444057458,-0.392194078489799,-0.355739966266838,-0.121982926147068,0.151787740381645,-0.126080386514439,0.359746228316138,0.0607707247044231
13,1.16071469857674,-1.13618968722175,-1.76969695555425,-0.427584557700378,0.500593361709016,-0.0476381050774525,0.257215959218262,-0.266980313278963,0.230011594416653,-0.0356642043434323,-0.0400924976561788,-0.385586198262025,-0.309666199000996,-0.101035859013943,0.150782695254093,-0.151998287996148,0.311049982035294,0.0705866735007387
14,1.18496014552898,-1.16336222698544,-1.74594298858626,-0.431947373355243,0.498062777627647,-0.0858316237785592,0.228370731014207,-0.276189539837834,0.245059419610878,-0.0519195875550882,-0.011239281339079,-0.378181309127469,-0.268944956684919,-0.0841343510252778,0.150279724104974,-0.171716936560373,0.26778739366215,0.0767986145418231
15,1.2065155881575,-1.19137768589821,-1.7206857089127,-0.438024340781802,0.498210459479036,-0.123259502293765,0.203328836938028,-0.283900127112074,0.260088549044202,-0.0698535413811572,0.0135615808190561,-0.370329105709416,-0.233444523534271,-0.0709216579953819,0.150417143407466,-0.185811075428782,0.229848720730424,0.0796677287805414
16,1.22573587069946,-1.22010392708477,-1.69392357511751,-0.445956631096265,0.500657202020457,-0.159892938403896,0.181587302131885,-0.290459494061145,0.275169145429083,-0.0889472527975251,0.034824089982808,-0.362339789613151,-0.202760731674051,-0.0609718490796606,0.15131182266942,-0.195169702689693,0.196842284472309,0.0796930292927822
17,1.24292781310934,-1.24944139742664,-1.66564747562824,-0.455838250799607,0.505072973651044,-0.195731428816713,0.162690527373713,-0.296171853986264,0.290382187465094,-0.108778138035814,0.0530156593724541,-0.354467473063164,-0.176372473212477,-0.0538554808311164,0.153064912122552,-0.200798298185645,0.168250658470939,0.0774752370439335
18,1.25835535292984,-1.27931886860632,-1.63583970998906,-0.467725988876065,0.511171812152231,-0.230796841059356,0.146236855383481,-0.30130011873288,0.30581837794349,-0.129024092623881,0.0685497562555239,-0.34690546539964,-0.153733772157299,-0.0491802482948944,0.155771708409386,-0.203684089214173,0.143524606446024,0.0736162264183826
19,1.27214289299498,-1.3094527522291,-1.60472177522949,-0.481533648163158,0.518643134242843,-0.264864541768537,0.120608162655061,-0.279661432982945,0.293752444026777,-0.136432587906721,0.0746511847163227,-0.310555795290454,-0.747563368414111,1.42941745285835,-1.40768013864348,0.542978049306309,-0.288396362143381,1.68951675164505
20,1.28074021364831,-1.33017920727453,-1.5826969442972,-0.492058593515664,0.524414933804882,-0.287610838324514,0.0535022717758432,-0.134115354852149,0.144163175494702,-0.070755067028067,0.0388186836700913,-0.145478634487253,-0.615868623523443,1.47497740413544,-1.56343925081609,0.743040093863917,-0.408230322635518,1.62227044913632
21,1.28301142803367,-1.33629534895308,-1.57613219202923,-0.495211247313985,0.526308724749156,-0.294237165711523,-0.0256006205592093,-0.0097033573295027,0.0038907020165458,0.017479522086358,0.024697348032431,-0.0134224578915565,-2.66082324749262,-1.00875380153722,0.404670722314142,1.81586938886372,2.56699673728069,-1.39426398017672
22,1.26721266350202,-1.34234572822781,-1.57365349692311,-0.484653563526732,0.541564637667879,-0.302308957998762,-0.289241909873378,-0.111933331463814,0.0468129162477163,0.189210194583481,0.279562880874298,-0.144012332781163,-2.59370372690498,-1.04604001722434,0.471269092461514,1.55528905288634,2.51590910119287,-1.16075360466279
23,1.22560151315477,-1.35892347761847,-1.56635728603752,-0.458829462493514,0.581872301382499,-0.321735021505638,-0.536373040775862,-0.220120054660048,0.10148245012665,0.316132190430553,0.520638776750516,-0.234894228155803,-0.737839827268993,-0.475748696543571,0.335835789022576,0.0332602505855039,0.74182238480619,0.0490984824171175
24,1.17289299733335,-1.38144206311742,-1.55539487066596,-0.429549438419425,0.633148505269597,-0.343164807723721,-0.517568456217022,-0.230317112568303,0.117772577094983,0.271351504191552,0.50453272422888,-0.195510110568037,0.194387784424266,-0.103536952238373,0.163215416028248,-0.395870334713222,-0.170834354968841,0.343607262458745
25,1.12212552598703,-1.40499304907962,-1.54279929870887,-0.404249386787688,0.682720419883541,-0.361141305756818,-0.497631167729556,-0.240704661304406,0.134163872673768,0.235917972670138,0.486669074064265,-0.165298715145708,0.203430609515193,-0.103714525906282,0.16469942383962,-0.319259287627549,-0.185108943630219,0.266444115923747
26,1.07338957142573,-1.42957914661532,-1.52855615087883,-0.382155595228902,0.730444804389831,-0.376442396775643,-0.477007554397396,-0.250980816321068,0.150732330534643,0.206824887143621,0.467675897507335,-0.141650355876866,0.208302072856908,-0.10156046041937,0.166687365606558,-0.266911626220764,-0.193741018881893,0.210526378586776
27,1.02673400142911,-1.45517948707964,-1.5126456909219,-0.362739970703201,0.776234914334749,-0.389631059243731,-0.456082174805608,-0.260968016475692,0.16751468684671,0.182085822597217,0.448058757318588,-0.122810100517631,0.209645099023353,-0.0981025324718887,0.168953570989325,-0.230802335531133,-0.197849579987835,0.169103239445016
28,0.982172463694446,-1.48175998667695,-1.49504526337603,-0.345638536117274,0.82004927912383,-0.40112390368536,-0.435174878219827,-0.27057426767008,0.184535601595924,0.160357129703121,0.428220412220737,-0.107566017636166,0.208103023958767,-0.0940513356505745,0.171456216052163,-0.205800196147729,-0.198382001066866,0.137817498891218
29,0.939689784919863,-1.50928051135724,-1.47572977365298,-0.330599427883655,0.861882220481223,-0.411235315200422,-0.414542884510628,-0.279767011744573,0.201820690288331,0.140710900763687,0.408476319278872,-0.0950612914412651,0.204280799494832,-0.0899032521252396,0.174244455675612,-0.188547034053882,-0.196143095512219,0.113779348506697
30,0.899247996009919,-1.53769988060389,-1.45467122302751,-0.317448921250092,0.90175580488187,-0.420206678793805,-0.394385922401699,-0.288555485538675,0.219403239425005,0.122493724658795,0.3890680255705,-0.0846774274881825,0.198721783675693,-0.0860102164509657,0.177417236217808,-0.176806320535953,-0.191810951063964,0.0950250477359734
31,0.860791749788993,-1.56697941462053,-1.43183772889497,-0.306068834757468,0.939713064695421,-0.428226210060206,-0.374853038867074,-0.296978870367985,0.237328181773296,0.105236053646881,0.370175208909825,-0.0759596079453523,0.191896692882221,-0.0826277607938186,0.181106291668384,-0.169072529974272,-0.185949116760675,0.0801908174114102
32,0.824253018917941,-1.59708551000173,-1.40719220827823,-0.296381336935905,0.975812363634364,-0.43544271022051,-0.356050041098439,-0.305098481007879,0.255655056243098,0.0885923178514874,0.351926526792656,-0.0685677761810317,0.184201275333945,-0.0799490816747183,0.185471329719217,-0.164330527425122,-0.179018523772112,0.0683108708824029
33,0.789555048905916,-1.62799158767369,-1.38069077597164,-0.288338711125207,1.0101227867998,-0.441975296867786,-0.338046858350264,-0.312992876130776,0.274460871175394,0.0723001734631535,0.334409252173262,-0.0622438501978787,0.175959672593512,-0.0781302765693603,0.19070225088183,-0.16190431136312,-0.171389818162754,0.058689131431408
34,0.756615598323548,-1.65967966771785,-1.35228083605434,-0.281916544917831,1.0427204322108,-0.447920411045226,-0.320884381490869,-0.320755198150056,0.293843458564269,0.0561518501484802,0.317677665464995,-0.0567892940692936,0.167431095041637,-0.077310296681593,0.197026501407155,-0.161360960178446,-0.163355817044047,0.0508158635067097
35,0.72534953172,-1.69214177237496,-1.32189879284347,-0.277109372066955,1.07368547977033,-0.453356944633653,-0.304580543729058,-0.328492353260332,0.313925814281078,0.0399731651291625,0.301760218407272,-0.0520494892261738,0.158818051877674,-0.0776282447655096,0.204721434520105,-0.162450210966777,-0.155143535501889,0.0443123467444989
36,0.69567084669966,-1.72538133191374,-1.2894672561417,-0.273928156420223,1.10309991781457,-0.4583500473864,-0.289135550580201,-0.336325882265828,0.334861975085265,0.0236072635901368,0.286665536725185,-0.0479026600690139,0.150274971985331,-0.0792402663770119,0.214132862659339,-0.165068504508713,-0.146925335878845,0.0388934551962989
37,0.667494220729178,-1.75941476426328,-1.25489155240044,-0.2723992555301,1.13104581613851,-0.462953991509839,-0.2745362612859,-0.34439459709152,0.356845169306679,0.0069009779789555,0.272387366831579,-0.0442519063044345,0.141916471867259,-0.0823383509151731,0.225702369646141,-0.169241534526655,-0.138828887464443,0.0343418997065109
38,0.640736159973497,-1.79427341912267,-1.21805526387419,-0.272564689270444,1.1576040461357,-0.467214353643066,-0.260759779483686,-0.352859314149259,0.380119328089006,-0.0103079010855718,0.258908593606737,-0.0410193904830627,0.133824870345522,-0.0871739377497626,0.240007918769325,-0.175123036687186,-0.13094579755929,0.0304902106240748
39,0.615315825083235,-1.8300061267929,-1.17881438156907,-0.274483703855041,1.18285336188974,-0.471169695846593,-0.247776339099107,-0.361910366580371,0.404995650333586,-0.0282040914973516,0.246204464248345,-0.0381420441646138,0.126056772825997,-0.0940905844656891,0.257825580193327,-0.183010878409204,-0.123338889202004,0.027207943607041
40,0.591155599648889,-1.86668268531554,-1.136989440773,-0.278235798276755,1.20686976954356,-0.474852874469025,-0.235551581177112,-0.37177912499759,0.431876966481293,-0.0470109746246469,0.234245151824304,-0.0355683600816617,0.118648691970327,-0.103572638569999,0.280226074735879,-0.193385567259088,-0.116048166658,0.0243924612374872
41,0.568181457492077,-1.90439878478667,-1.09235464883136,-0.28392561040004,1.22972612535875,-0.478292069684281,-0.224048315308624,-0.382755690862042,0.461294524114131,-0.0670121987872577,0.222997786254431,-0.0332559723520224,0.111621768752873,-0.116322153268011,0.308730994979384,-0.206982708618374,-0.109095536092202,0.0219621913893908
42,0.550208735624633,-1.93613520507229,-1.05352704824819,-0.290120239357589,1.24762127571109,-0.480942859439343,-0.125357303704659,-0.228888504043267,0.284202500340494,-0.0492547758140986,0.124864891890503,-0.0183733350306693,1.06960736398029,1.84032930363573,-2.22351604563883,0.328734569251979,-1.06468143202045,0.158387587394586
43,0.542898258028353,-1.94967393864364,-1.0366114190052,-0.293148323091626,1.25490426086313,-0.482011683509541,-0.0217199872922434,-0.0408021343982359,0.051295730949534,-0.0094707011660262,0.0216420063679848,-0.0031677390999277,1.01666461185663,1.90585171460816,-2.39382088196285,0.439998525198295,-1.0129888631832,0.148327569990397
44,0.545813123247004,-1.94422948042757,-1.04343911624479,-0.291903076884015,1.25200006106373,-0.481586150706122,0.080361567420762,0.149246071691664,-0.186698515356338,0.0336282126977958,-0.0800620469653778,0.0117432676804026,1.03663766184302,1.88020278800825,-2.32745701924841,0.396870077344361,-1.0324853325276,0.152096798877344
45,0.559162898635457,-1.92005997176567,-1.07333878274848,-0.286823418216405,1.23870405143326,-0.479626402095735,0.188241584111503,0.332314883333468,-0.406490119409696,0.0647867289091868,-0.187428659829157,0.0277620717228878,1.1325248415382,1.77169457306303,-2.04227300087914,0.208072289338855,-1.1261607770984,0.170632466798753
46,0.581185915845332,-1.88268433740236,-1.11825302486541,-0.280425677655791,1.21678592960425,-0.476352581578264,0.230544445874562,0.376320262270588,-0.444115535391502,0.0554023416433491,-0.229348409459556,0.0345493213899471,0.115453137741542,-0.108827450911175,0.292125999574566,-0.199020831138326,-0.112891268211609,0.0232606392525994
47,0.604829891949735,-1.84557646269424,-1.16124927589151,-0.275859096460688,1.19327451676678,-0.472776988408629,0.242455804379533,0.366017179174972,-0.416223207943658,0.0361236494630133,-0.240998932326926,0.0370064864386486,0.12269269856291,-0.097985026198677,0.267213667532989,-0.187312789020459,-0.120032678485704,0.0258946349845842
48,0.629701847611107,-1.8094498647696,-1.2015712995095,-0.273166921542035,1.16856177238303,-0.468941808760443,0.25511022033502,0.356647459249297,-0.390544773028988,0.0178681029200499,-0.253380505372101,0.0397481922781175,0.130303275370336,-0.0899897365736757,0.247497858548967,-0.178383591648224,-0.127501967283505,0.0289565983737465
49,0.655877900328014,-1.77422437376513,-1.23941683324819,-0.272259625199305,1.14257299815865,-0.464816298890265,0.268543443365667,0.347957215120018,-0.366627881780816,0.0003896179675991,-0.266524469971372,0.0428217757078594,0.138255815397892,-0.0842714524521281,0.231729950402493,-0.171650065291583,-0.135267788930332,0.032539023015584
50,0.68343756860043,-1.7398426829074,-1.27494394842946,-0.273069762483443,1.11523055168496,-0.460364479657674,0.282787445114068,0.339740248055038,-0.344125683856802,-0.0165108519031233,-0.280458023685321,0.0462850172665227,0.146503378148199,-0.0804308164705502,0.219016539509564,-0.16673893478702,-0.143278228954408,0.0367589335588079
51,0.712463296143054,-1.70626631998729,-1.3082800532238,-0.275548214045128,1.08645437240349,-0.45554395681771,0.297868372692075,0.331824222006597,-0.322767861227518,-0.0330033944153464,-0.295201898519537,0.0502089813804812,0.154975932624785,-0.0781798802245437,0.208700179361976,-0.163435051948282,-0.151455407088941,0.0417658837684013
52,0.743039743845366,-1.67347274498294,-1.33952850951113,-0.279662028311091,1.05616276889176,-0.450304412570744,0.313803934367627,0.32406162685284,-0.302341143022812,-0.0492434851663822,-0.310767434825133,0.0546818016273447,0.163574211998835,-0.0773033425265634,0.200284224469077,-0.161656191949695,-0.159688799673263,0.0477529849068174
53,0.77525278790774,-1.64145318057017,-1.36877362618154,-0.285393607016431,1.02427353443507,-0.444585656587863,0.330600121343017,0.316323963972013,-0.282675885247425,-0.0653848227345658,-0.327152919280886,0.0598137793889712,0.172162607401077,-0.0776315234915503,0.193383989049084,-0.16144685427056,-0.167827220216188,0.0549723346886903
54,0.809188153072155,-1.61021090183302,-1.39608452344099,-0.292741171621942,0.990705471236118,-0.4383150799733,0.348247173565516,0.308498269716483,-0.263636642095054,-0.0815923817088231,-0.34433905158223,0.0657443345315039,0.180561202767132,-0.079019823004317,0.187694188549886,-0.162988353875376,-0.175669444989757,0.063756923233689
55,0.844929601471258,-1.57975977744982,-1.42151819714388,-0.301720613831932,0.955380417061304,-0.431404289660472,0.366714716861056,0.300485511475176,-0.245115421642393,-0.098057325835436,-0.362283407869768,0.0726516076494332,0.188537245402354,-0.081331280537944,0.182966877425458,-0.166625992984941,-0.182953571140815,0.0745522250715849
56,0.882556592248585,-1.55012288605409,-1.44512200567868,-0.312369007274093,0.918225880665777,-0.423744601952518,0.385946041365024,0.292200678646922,-0.227026762900061,-0.115015672510927,-0.380913784380904,0.0807659208613862,0.195796625601624,-0.084419726946755,0.178996532355619,-0.172917506110405,-0.189345335506019,0.0879625338180215
57,0.922141327580823,-1.52133103741974,-1.46693572939924,-0.324750274348077,0.879178402574057,-0.415200923317707,0.405851567386242,0.283574622600436,-0.209304020447078,-0.13277322899178,-0.400120335956173,0.090388953528902,0.201976327359243,-0.0881113122519761,0.175610522791803,-0.182711339480446,-0.194425786468472,0.104820175460457
58,0.963745110999065,-1.49342101148234,-1.48699329780762,-0.338963807252673,0.838187764095225,-0.405603312400197,0.426301666459889,0.274557927406892,-0.191896353506409,-0.151740491664623,-0.419746470916996,0.101921547100546,0.206639326485153,-0.0921820044898491,0.172664482547741,-0.197270027704199,-0.19767883296784,0.12629099035924
59,1.00741396909214,-1.46643328710346,-1.50532422945533,-0.355157304485792,0.795222168646241,-0.394735145232147,0.447119183882482,0.265127362665989,-0.174765893209019,-0.172483251243655,-0.43957851599382,0.115904817523017,0.209274034323664,-0.0963279976219089,0.170043580882753,-0.218465248413041,-0.19847914190968,0.154038665654423
60,1.05317353390619,-1.44040896017535,-1.52195476835607,-0.373545820957511,0.750274516419843,-0.382316200624523,0.468072252001177,0.255295834433515,-0.157884350572199,-0.195798234241507,-0.459334188837001,0.13308227209895,0.209301034347992,-0.100124703635102,0.167673116398578,-0.249091324361253,-0.196080275003479,0.19048701480838
61,1.10102325705602,-1.41538543421747,-1.53690860301847,-0.394440251272597,0.703369892542805,-0.367977973028486,0.488868288215129,0.245127282540845,-0.141227768574777,-0.222829503102425,-0.478649829029993,0.154495936404024,0.206090410072635,-0.102967882546962,0.165546694152086,-0.293381442000418,-0.189601191115024,0.239249851649817
62,1.15093013302117,-1.39139028451669,-1.55020686849055,-0.418290563283497,0.654574409066823,-0.351226787191283,0.509150416402375,0.234758772151945,-0.124766823423681,-0.255253044855288,-0.497065961002083,0.181639114989314,0.198993177220552,-0.103987234405786,0.163790924291349,-0.357883032184453,-0.178004930412895,0.305856372283447
63,1.20282225011526,-1.36843241678047,-1.56186674364466,-0.445752829397597,0.604005628164224,-0.331387222756388,0.528497886045476,0.224433202333287,-0.108447092262582,-0.295579118572675,-0.514009714675355,0.216706394276598,0.187389890317968,-0.101918673967305,0.162810553246295,-0.452992555039,-0.160053663935011,0.399014650386442
64,1.25248482156456,-1.3481027448021,-1.57120064034836,-0.475202399317529,0.555811302975862,-0.309472547551555,0.398790339382113,0.157470647159423,-0.0683062678257069,-0.251081375703248,-0.386069032983256,0.189501353969828,-2.52276344949101,-1.08545411276738,0.537401726201696,1.32919468850551,2.45880519654879,-0.958905304505944
65,1.27948424101365,-1.33763530720339,-1.57559228544454,-0.492814671369484,0.529712208169039,-0.296075706298866,0.139186357443476,0.0529966691287906,-0.0214569329118319,-0.0941135329047236,-0.134333856310299,0.0721279234156656,-2.64528479238549,-1.01736545642371,0.420513686940691,1.75067684148662,2.55547547336066,-1.33579307378173
66,1.28247512538436,-1.33456350815136,-1.57797277642048,-0.49438972431684,0.525693501061863,-0.292355123073048,-0.0277830841852884,0.0707801186964368,-0.0764510994098328,0.0379257224687564,-0.0207935207719728,0.0764071882901587,-0.589598705171213,1.48478696485727,-1.59817289042169,0.786766446804869,-0.431629477766891,1.60839141165642
67,1.27664330068022,-1.32010075218237,-1.59347027042452,-0.486837899437625,0.521550135671718,-0.276616816317917,-0.090279350930577,0.217956865556277,-0.231682917464013,0.110808215517476,-0.060794135040523,0.239104343366479,-0.674650909293549,1.45399248812438,-1.49043684123047,0.650030844147116,-0.355223641242422,1.65277565708351
68,1.26447372584561,-1.29225341806198,-1.62261339336711,-0.473432413183489,0.514232637788717,-0.245571162863353,-0.139856001580728,0.303372618178404,-0.312514632346273,0.137753001254576,-0.0744745704183822,0.343800489074334,-0.144672271928117,-0.0477864434802466,0.157318291381547,-0.204327923700814,0.133564209059883,0.0715023004943249
69,1.24972986408459,-1.26216053420731,-1.65308414590958,-0.460676188003816,0.507491354172161,-0.210825556471725,-0.155373818113266,0.298423215699205,-0.296952971284224,0.117404150932884,-0.0599645393814228,0.35118515254038,-0.165803207282378,-0.0514808336197769,0.15415282992709,-0.202373914558046,0.156732913693697,0.0759159449565116
70,1.23332276036896,-1.23258484062433,-1.68201280497306,-0.449941461210251,0.502322913198649,-0.175321568766681,-0.173179439530164,0.292990713327209,-0.281656159961244,0.0973619625664948,-0.0429572347676253,0.358944895818221,-0.190445493371993,-0.0574589330930019,0.151984740290045,-0.198091225101747,0.183525862849546,0.0789405552001354
71,1.21500516312392,-1.20358667173637,-1.70942103639119,-0.441184331041587,0.498996089485615,-0.139029606608647,-0.19365128533502,0.286828479777173,-0.266529416803297,0.0779070322685599,-0.023062619693478,0.366911730026637,-0.219138166371327,-0.0660884453447252,0.150717688319674,-0.190528582389264,0.214487737951019,0.0799959658614457
72,1.19448925973141,-1.17525295692345,-1.73532150588702,-0.434327946103632,0.49782139940874,-0.101939856452137,-0.217222185008679,0.279650431541292,-0.251487536525558,0.0594187407725055,0.0001640327058654,0.374857533749011,-0.252421897546776,-0.0777859827534588,0.150254554967422,-0.178675772272846,0.250158907049991,0.078470889062765
73,1.17144133114596,-1.14770136412577,-1.75971886005225,-0.429252491163954,0.499156440956603,-0.0640683275196192,-0.244376282495806,0.27112759174909,-0.236455538695222,0.0423761738365935,0.0272183377611175,0.382494842282982,-0.29076810827082,-0.0929855546882574,0.150486554888488,-0.161570887403401,0.291002423523118,0.0738058300218391
74,1.14547715279347,-1.1210845946808,-1.78261082252903,-0.425785722677772,0.503410407123919,-0.0254623340776065,-0.27563631571549,0.260888877811945,-0.221370273802137,0.027345157810047,0.0586331944683196,0.389487922392956,-0.334454798442796,-0.112084857333938,0.151285312071786,-0.138470265303149,0.337278529176616,0.0656145718642975
75,1.11615940975668,-1.09559428476229,-1.80398948182617,-0.423695756305889,0.51104649249701,0.013795792183171,-0.311534767029975,0.248528651817425,-0.206182553466902,0.0149452104777038,0.09494899867748,0.395477548919426,-0.383365571532207,-0.135363458826518,0.152500693574267,-0.109076581818655,0.388844073743511,0.0538327201344557
76,1.08299916406094,-1.07146368953007,-1.82384278933922,-0.422688367993032,0.522580160130021,0.0535882196832163,-0.352560012184412,0.233624037611399,-0.190859081322395,0.0057918342243816,0.136659020586246,0.400120740383611,-0.436689570216781,-0.162869785877734,0.15396716825336,-0.0737959365319437,0.444855435177055,0.0388611309567465
77,1.04546439099362,-1.04896801929439,-1.84215620214968,-0.422411328907578,0.538570282145362,0.0937657499190548,-0.399067036329348,0.215765032026591,-0.175383258412473,0.0004140770243597,0.18411979504559,0.403142334998925,-0.492516799786485,-0.194280106713005,0.155519666286422,-0.0339633386591542,0.503369669212911,0.0216499416867688
78,1.00299960719309,-1.02842102723784,-1.85891431346572,-0.422467948083868,0.559599188966987,0.134157341596834,-0.451143824970157,0.194599586364312,-0.15975401866108,-0.0008451881130843,0.237417876202981,0.404389150357535,-0.5473707456147,-0.228744168371833,0.157016127613735,0.0080506258905085,0.560884737748624,0.0036582416891861
79,0.955061154642022,-1.01016633272718,-1.8741022510968,-0.422440795088709,0.586237136908129,0.174584566554397,-0.508433045733432,0.169893478186572,-0.143982365733235,0.0020703823058734,0.296192624550777,0.403871582055152,-0.595812752943459,-0.264750915598577,0.158359394800203,0.0489432581919635,0.611950541896417,-0.0133576737078033
80,0.901171856007168,-0.994562191608679,-1.88770663397008,-0.421924494544201,0.618987541631901,0.214878870046867,-0.569928571031792,0.141600172191621,-0.128086173625663,0.0088539940327696,0.359434287842962,0.401775392143228,-0.630382941944674,-0.300073576992812,0.159508649100679,0.0848501201520524,0.649111690183279,-0.0277170619981115
81,0.840995268456033,-0.981959246012241,-1.89971598009265,-0.420563877473849,0.658212765612688,0.254897976641675,-0.633798769864067,0.109928660267765,-0.112084713235395,0.0188093271133177,0.425308652854103,0.398431757802572,-0.642243447848356,-0.331876355939752,0.160473130508834,0.111962759634182,0.663544788986253,-0.0382520829908528
82,0.774422761288787,-0.972672405940679,-1.91012063007601,-0.418091393351909,0.704047174312803,0.294537213316171,-0.697323397541036,0.0753890194436654,-0.0959947226795795,0.0308938255962211,0.491094303053217,0.394247325106375,-0.622812740484591,-0.357057355845167,0.161288832293313,0.12727354220525,0.6466795089419,-0.0446414738426714
83,0.701657063918498,-0.966950319801333,-1.91891241190573,-0.41435650759085,0.756313686097668,0.333732575058325,-0.757041918728294,0.0387911065593979,-0.0798292764855252,0.0438343223930402,0.553329824057389,0.389613546236209,-0.566269299426214,-0.372827720817551,0.161988263438641,0.129239757938632,0.592687102657641,-0.0474749708254673
84,0.623267871634296,-0.964948123967691,-1.92608433680948,-0.409340661356581,0.814468084206066,0.372454969574846,-0.809165089997628,0.0011787187261712,-0.0635994086267218,0.0562948979173047,0.608223008076762,0.384826394424692,-0.472120967571543,-0.377384453880485,0.162577774893278,0.118135018168937,0.501040930502517,-0.0479923175561447
85,0.540194986081227,-0.966709965114625,-1.93163054298586,-0.403154449309099,0.87759553155895,0.410698182219684,-0.85019193393303,-0.036297045979818,-0.0473171496000196,0.0670568856340596,0.652265161507555,0.380044589220582,-0.346547561426713,-0.370407856142112,0.163032470743264,0.0959379134190807,0.37786234482795,-0.0476102823327162
86,0.453686603345486,-0.972166023197285,-1.93554653680294,-0.396018151132441,0.944471708427937,0.448465105578934,-0.877552541083257,-0.0725340154637278,-0.0309981530177902,0.0751645368689288,0.682872165210801,0.375296372212921,-0.201533023726164,-0.353135576970524,0.163308160940834,0.0657874451618495,0.235067003855782,-0.0474641924947394
87,0.365277417441033,-0.981133204911296,-1.93782803813319,-0.388239530860578,1.01360464353714,0.485716719242041,-0.861414375780413,-0.103153934516726,-0.0142079836214734,0.0774258901391706,0.67633853899957,0.358608117123871,4.22272874555318,0.199781940364338,0.225768886453143,-0.354289255951518,-3.27107276402067,-1.82431511371783
88,0.300455985377534,-0.989739988742721,-1.93846389671413,-0.382358066584508,1.06460322357047,0.512556412806517,-0.434130310934273,-0.0632519721588602,-0.0013629617939688,0.0396609018933884,0.342128310260528,0.179026368980431,4.28440348267328,0.547326411385225,0.0534130945344324,-0.389012600283536,-3.37013495141741,-1.77359751987854
89,0.278420710083755,-0.993046555284329,-1.93848301463814,-0.380342607456126,1.08197590214469,0.521636238161928,-0.0069549482105247,-0.001073936329758,9.79309176018687E-06,0.0006367041083264,0.0054853307690518,0.0028640699036071,4.26336169289024,0.658250479565123,-0.0059679830637624,-0.390294607095693,-3.3625032852939,-1.75564960264774
90,0.256058447882519,-0.996991804673907,-1.93650241985664,-0.376358650444783,1.10401608620517,0.517389780614,-0.45433531846342,-0.082000653556417,0.0412107454050869,0.0805386768594283,0.447888314873597,-0.0853594044699014,-4.60761404378737,-0.90421023249556,0.456081523456442,0.800966797627693,4.54507954195885,-0.827744287174602
91,0.187764778416412,-1.01016543321667,-1.92985135234453,-0.364419607287326,1.17137137915827,0.50496748897938,-0.908649380535033,-0.186599335567754,0.094739156359742,0.156829020717432,0.896542372713783,-0.160255096261085,-4.43149366270379,-1.20863979499723,0.630583755953901,0.716604260586146,4.38163296757077,-0.659723925047331
92,0.0936408712947059,-1.03114355989198,-1.91907408989859,-0.348406415580124,1.26428594486183,0.488959253381076,-0.930419317219606,-0.223949177090395,0.116546890443931,0.156249613965126,0.918860538319053,-0.153034648077324,0.303254637598171,-0.261491433238975,0.17042513647738,-0.0871465177447045,-0.292509152682141,0.141218803752924
93,0.0023036666249291,-1.0547803698873,-1.90656919754679,-0.333227974540374,1.35451826891074,0.474323398853629,-0.89465228813893,-0.248158859412456,0.133531214099075,0.147206929417697,0.884087994672849,-0.140042177374783,0.403986871480078,-0.223810486512349,0.169244116792228,-0.093843700040494,-0.394771500526581,0.119603233573171
94,-0.0850148735331535,-1.08065407223067,-1.89237216802453,-0.318989521954849,1.44082413974135,0.460884268308011,-0.85063294188837,-0.268735206281926,0.150386160803546,0.137433366747544,0.840922347875479,-0.129046525662869,0.469536703734508,-0.188992159581486,0.167854259623637,-0.10154868045735,-0.461614040331571,0.101202548654089
95,-0.167658550207297,-1.10841760476952,-1.87649684818194,-0.305767359510207,1.52253443652217,0.448457990791114,-0.801662658083422,-0.286019279915754,0.167094916090538,0.126880560861274,0.792687763773505,-0.119734970245046,0.504595778047734,-0.157986503632745,0.166337399113245,-0.10930143142715,-0.497749058340991,0.0858113350502773
96,-0.245274141319881,-1.13776156791365,-1.8589583392929,-0.293638502201301,1.59928517409158,0.436890643631555,-0.750472297241074,-0.300412796441247,0.183649345598315,0.115576398329366,0.742135364899818,-0.11182362557785,0.515524764415298,-0.13111229077184,0.164783888484718,-0.116515061139889,-0.509565628556752,0.0730808606206959
97,-0.317749030936969,-1.16841756278703,-1.83977209768566,-0.282674763099359,1.67095485290686,0.426054837063376,-0.699142032639912,-0.312327573342243,0.200050528230008,0.10359238051426,0.691362627979304,-0.105066462038312,0.508773870217416,-0.108296287037818,0.163286907139209,-0.122882782978458,-0.503543898177639,0.0626163839291676
98,-0.385147467232093,-1.20015758111796,-1.81895300513432,-0.272939635127221,1.73760042058294,0.415845813389121,-0.649142279172432,-0.322156148097119,0.216308875533911,0.0910202254372698,0.641854360035504,-0.0992566514206769,0.490009560812077,-0.0892552847590599,0.161939644764159,-0.128289956009595,-0.485378254638735,0.0540352477009301
99,-0.44765426830452,-1.23279125866619,-1.79651443772715,-0.264487102621508,1.79940070008961,0.406177646617523,-0.601432809334943,-0.330257404444121,0.23244407469677,0.0779563513265803,0.594582110854771,-0.0942237017347852,0.463777665663134,-0.0736167668966836,0.160834414872052,-0.132744996267815,-0.459638827537967,0.0469954785995291
100,-0.505529480773835,-1.26616220444156,-1.77246734248057,-0.257361694587162,1.85661080605271,0.396979835348559,-0.5565773123243,-0.336951653641697,0.248485011556969,0.0644922221239408,0.550119122420548,-0.0898287660714209,0.43349212849908,-0.060990942739203,0.16006303142653,-0.136330462957829,-0.429759829142951,0.0412057273062801
101,-0.559074220016351,-1.30014413516788,-1.74681931812697,-0.251599289229875,1.90952778250435,0.388194393889161,-0.514849869527632,-0.342521109810579,0.264469778804607,0.0507087001237451,0.508747199887652,-0.0859595382009274,0.401582064501693,-0.0510096905095014,0.159718076056942,-0.139170754906822,-0.398186829565439,0.0364249432022803
102,-0.608606299510514,-1.33463721240354,-1.71957368748098,-0.247228344413663,1.95846606762426,0.37977344214683,-0.476323422722785,-0.347213131429695,0.280445848192809,0.0366729729624484,0.470545537563127,-0.0825254600957777,0.369690754381119,-0.0433451399063367,0.15989488215154,-0.141411976899479,-0.366576236694421,0.0324572496126704
103,-0.653190675628146,-1.36856787035634,-1.69156946563034,-0.244335618123506,2.00250337087716,0.371902902396551,-0.368955589039364,-0.293174927165988,0.247150953503946,0.0190727344252064,0.364374393928056,-0.0664071742252524,2.3620145615382,1.65862484798127,-1.30693165632909,-0.211179260425272,-2.33363091162883,0.402501444779608
104,-0.678890398538268,-1.38952338866406,-1.67367394149433,-0.24323053626575,2.02788169042535,0.36722169601249,-0.149862703325469,-0.125399524015254,0.108464718734766,0.0050745279705448,0.147974822017207,-0.0276315546784168,2.06893947837723,1.69125405463394,-1.44568706261911,-0.0875235656473882,-2.04304574631375,0.377290436070095
105,-0.683847067157293,-1.39451559300885,-1.6693649501889,-0.242943268799344,2.03277642984445,0.366304078445317,0.0426847364573114,-0.0271051461997785,0.0218892024818622,0.0085945745942978,-0.0420993614766179,0.0077929813754568,1.6350326384282,-1.04223040618791,0.842394614881295,0.328864143350271,-1.61262396795712,0.298216508148009
106,-0.671536533518366,-1.40252201516692,-1.66286368571384,-0.240481781474755,2.02063408928756,0.368538111059929,0.201585000028221,-0.134253892952164,0.109610126175922,0.0400100272260459,-0.198840794192711,0.0363641041316953,1.52029601993135,-1.11490284959338,0.929686567295813,0.291780695795638,-1.49990640489713,0.267354789108103
107,-0.644396385078844,-1.42158378704263,-1.64710064005268,-0.235199063290174,1.993860840126,0.373371996174255,0.315071293795255,-0.233184279556161,0.195274068901582,0.0599756277763558,-0.310838491285904,0.0554193902812435,-0.211346350709823,-0.130624961268283,0.168931965076377,-0.0752100061901343,0.207962885462459,-0.0529202993175548
108,-0.613925775815328,-1.44553778421724,-1.62672703784034,-0.229585796549847,1.96379747889296,0.37866070724159,0.294540004863654,-0.245728624319999,0.21221393231626,0.0522069197280167,-0.290619585056102,0.0504607905223963,-0.199413834820583,-0.120597602658937,0.169888523536346,-0.0801657859570981,0.196527070632391,-0.0465491953330413
109,-0.585447752123134,-1.47069754866974,-1.60465418338189,-0.224775089346096,1.93569782413665,0.383483743267995,0.27522627998753,-0.257314625671152,0.229264270409405,0.0439168099529923,-0.271572209462308,0.0460904559818738,-0.187073410752664,-0.111467760653794,0.171153539565441,-0.0855836911980816,0.184614164882635,-0.0411065895151198
110,-0.558839195938916,-1.49697199646342,-1.58086929514641,-0.220820972231597,1.90944303640299,0.387895578602024,0.2571512127205,-0.268039635973027,0.246461665238645,0.0350711418155771,-0.253723758030562,0.0422239986492041,-0.174694697271799,-0.103376766855318,0.172841008069663,-0.0912433556426589,0.172605504679513,-0.0364326140667378
111,-0.533976559187141,-1.52428041020171,-1.55535534607029,-0.217779949803638,1.88491327084354,0.391942988706677,0.240303889550675,-0.278012957042608,0.263854628146016,0.0256531145111961,-0.237068560729863,0.0387912913688575,-0.162552422572126,-0.0964252247684371,0.175075874151859,-0.0970132482110714,0.160785377644676,-0.0323997846121762
112,-0.510738614642387,-1.55255345207227,-1.52808980949128,-0.215709680000723,1.86199052392576,0.395666328506397,0.224650141005362,-0.287352410851608,0.281504889495132,0.0156552535496535,-0.221576822267872,0.0357336398765272,-0.150841119752318,-0.0906855338487777,0.177998045982952,-0.102834549786662,0.149356250931251,-0.028905353117184
113,-0.489008406632156,-1.58173389552271,-1.49904325382018,-0.214668382246741,1.84056066365599,0.399100562318983,0.210139787908828,-0.296182130724711,0.299489157662754,0.0050728003190171,-0.207202010103931,0.0330016083160503,-0.139690207676985,-0.0862137753316338,0.181767813960121,-0.108708811384964,0.138454240510469,-0.0258657216711255
114,-0.468674551157483,-1.6117771944557,-1.46817773112738,-0.214714851386292,1.82051479680523,0.402276101567041,0.196712424661907,-0.304631511451321,0.317901514434134,-0.0061018560648445,-0.193886745861094,0.0305533252827368,-0.12917801974778,-0.083061058658268,0.186573230951753,-0.114689379173085,0.128163432553674,-0.023212306105266
115,-0.449632024965558,-1.64265200369689,-1.43544488495018,-0.215908992112363,1.80175011561828,0.405219491857581,0.184301886789472,-0.312835282396598,0.336856681440765,-0.0178840847149214,-0.181567355137698,0.0283531480372876,-0.119344050572859,-0.0812847306135566,0.19264026159424,-0.120876676470571,0.118528360835174,-0.0208884310898757
116,-0.431782565655371,-1.67434076345881,-1.40078367446204,-0.218312827343038,1.78417034841018,0.407953980627718,0.172839596654008,-0.320934724095967,0.356494493270984,-0.030301655139639,-0.170177274485856,0.0263705972788834,-0.11019917359259,-0.0809601717667862,0.200246937590159,-0.127417635863625,0.109564417949126,-0.0188469692861282
117,-0.415034784826879,-1.70684046677379,-1.36411757139893,-0.221991975844985,1.76768591801004,0.410499989067116,0.162256990043058,-0.329080139195946,0.376986067878494,-0.0433995600371454,-0.159649520942139,0.0245794988834009,-0.101733868583503,-0.0821942764173966,0.209743425576586,-0.134509933381932,0.101266259089502,-0.0170485243857487
118,-0.399304076530678,-1.74016374631575,-1.32535102582428,-0.227017643018374,1.75221389208627,0.412875506554615,0.152487213439737,-0.337434825162609,0.398542408782188,-0.0572455567912347,-0.149918414714843,0.0229572857394747,-0.0939246566339646,-0.0851422793788081,0.221581050720287,-0.142412286408818,0.0936144144120659,-0.0154600187136384
119,-0.384512385413783,-1.77434045146755,-1.28436490528141,-0.233469230413548,1.73767779154125,0.415096421779916,0.143466258354282,-0.346181005511231,0.421426567403222,-0.0719371399210176,-0.140920720262632,0.0214844245281849,-0.0867390004324897,-0.0900305198494877,0.236355250797016,-0.151463108977921,0.0865803888230321,-0.0140535871510222
120,-0.370587883649926,-1.80941994750728,-1.24101046915752,-0.241437754906705,1.72400730808601,0.417176801640579,0.135133672350246,-0.355528510247327,0.445971148460382,-0.0876109693469897,-0.13259634181501,0.0201439404958731,-0.0801389382313333,-0.0971893536720891,0.254870835842885,-0.162111617070304,0.0801305463094953,-0.0128057091489646
121,-0.357464593087681,-1.84547447329471,-1.19510121078758,-0.251030396183416,1.7111379699761,0.419129126610384,0.127432960639406,-0.36572755477499,0.472604065263924,-0.104456338350395,-0.12488867999925,0.0189210189145655,-0.0740836965556768,-0.107103425526695,0.278244176514342,-0.174968738997271,0.0742290692464509,-0.0116965331143064
122,-0.345081978820484,-1.88260407304931,-1.14640151888819,-0.262376695274215,1.69901078565633,0.420964489339878,0.120311769652265,-0.377087947578653,0.501887455036093,-0.122735282284518,-0.117744727726092,0.0178026655117996,-0.0685314845521589,-0.120492233731423,0.308068844087128,-0.190891375811283,0.0688402742773999,-0.0107093665753562
123,-0.333384532169686,-1.92094393188506,-1.09461045231779,-0.275637272319856,1.6875718886642,0.422692761576691,0.113721926309834,-0.3900088694191,0.534578393283862,-0.142813841506907,-0.111114954874156,0.0167774097693235,-0.0634406184187169,-0.138445446289881,0.346695122538987,-0.211125937297996,0.0639305800007178,-0.0098303265901652
124,-0.322470487925715,-1.96011461780341,-1.0401293251718,-0.290787920431757,1.67691764446151,0.4243007890788,0.0952811451354001,-0.35812131166052,0.505310320253592,-0.145869809398991,-0.092923086440206,0.01402008443817,-0.563757954715846,1.81394258613318,-2.42587181446874,0.602778980123494,0.55151874614328,-0.0832731817212908
125,-0.315647386118857,-1.98656253668234,-1.0024528598159,-0.301925382590599,1.67026793834166,0.425303970016875,0.0420880026055534,-0.168310960215056,0.242045435430744,-0.0731934754697426,-0.0409890720034636,0.0061831591594397,-0.508710011943587,1.9653888355272,-2.79642326907271,0.824229123565584,0.495820930937436,-0.074797510771718
126,-0.313942198517579,-1.9934368884917,-0.992542820438894,-0.304939362483781,1.66860758950321,0.425554429827689,-0.0077640621690654,0.0315548018435299,-0.0456000465426149,0.0139473649958266,0.0075584462048245,-0.001140167365696,-0.495069209911889,2.01015164815233,-2.90405252601522,0.887652520030566,0.481969242659871,-0.0727035455705412
127,-0.317220373622948,-1.98031814797506,-1.0114128906011,-0.299230139210725,1.6718001170324,0.425072839712413,-0.0582250674152967,0.229453474289315,-0.328508673006778,0.0982934830427088,0.0567241063240535,-0.0085569918489789,-0.520284850628064,1.92992325672897,-2.71057240961231,0.77336366473553,0.507557533167009,-0.0765760550582375
128,-0.325727792534919,-1.94804386784899,-1.05708639397248,-0.285947472545091,1.68009530001521,0.423821311065729,-0.109484542932001,0.40004807770268,-0.55950960696232,0.157893734497464,0.106839085860542,-0.0161224251809154,-0.0601010680770508,-0.154761636631667,0.381159568560774,-0.229003059590393,0.0607357425958937,-0.0092684805145792
129,-0.336984800348049,-1.90877198415286,-1.11121777287516,-0.271258431402134,1.69109057772743,0.422161376429864,-0.115735501974766,0.385757007033049,-0.52389621512424,0.136291365005557,0.113143026862987,-0.0170897743013103,-0.0648909354631285,-0.132612046019415,0.334251833934984,-0.204637874418948,0.0653252301094087,-0.0100780937580865
130,-0.348891578122695,-1.87082900516735,-1.16200149236166,-0.258618223423015,1.70273997067999,0.420400491801787,-0.122487153374896,0.373375857618267,-0.492371351973303,0.116825026160851,0.119929022297838,-0.0181430913311476,-0.0701130813473074,-0.116142704342542,0.298516453183462,-0.18583097221702,0.0703724273560454,-0.0109876227493317
131,-0.361500426999687,-1.83404950161565,-1.20979656553056,-0.247837873726947,1.71509402399546,0.418529541308227,-0.129784822969793,0.362417926194393,-0.463990512774669,0.099029683645721,0.127244382484377,-0.0192929585414725,-0.0758087596864492,-0.103867879450714,0.270790187492376,-0.170917286434362,0.0759082548369427,-0.01200907858874
132,-0.374868388078951,-1.79831029917701,-1.25488129045513,-0.238767657196222,1.72820817526608,0.416538286256083,-0.13767799327097,0.352516177579463,-0.438066180583091,0.0825762516649208,0.135139704017407,-0.0205512945384842,-0.0820197696173308,-0.0948254789004676,0.248984002293229,-0.158784891958134,0.0819671111061265,-0.0131571438732585
133,-0.38905765984454,-1.76352073444581,-1.29747439608075,-0.231285847547777,1.74214309719076,0.414415217841582,-0.146220326759523,0.343382100393538,-0.414083617208929,0.067228242510309,0.143669117802174,-0.0219316311801257,-0.0887877484753441,-0.0883759411680618,0.231667089663046,-0.148660704808332,0.0885849335444249,-0.0144493958308313
134,-0.404136013379198,-1.72961619044549,-1.33774949317592,-0.225290913425157,1.75696505532377,0.412147380737281,-0.155469588336901,0.334779855676816,-0.39164825894859,0.0528146645500031,0.152890341509442,-0.0234494219904497,-0.0961528638888514,-0.0840866186889721,0.2178282719765,-0.139988204986341,0.0957971633026716,-0.0159067041872688
135,-0.420177192120726,-1.69655372967034,-1.37584526961492,-0.220695911322112,1.7727462602614,0.409720163575946,-0.165487401923351,0.326509423740221,-0.370451636848439,0.0392123681934711,0.162864508504074,-0.025122398456045,-0.104151795556367,-0.0816619711486998,0.20673282924033,-0.132354937238614,0.103636268170212,-0.0175537878594096
136,-0.437261275779338,-1.66430911364883,-1.41187288826793,-0.217424336786681,1.78956518921753,0.407117050734729,-0.176338762503558,0.318395304314363,-0.350248620286872,0.0263340651910542,0.173655714539692,-0.0269709905812769,-0.11281484735462,-0.0808994074595059,0.197833228666816,-0.12544846876072,0.112128542574363,-0.0194199437527093
137,-0.455474979239628,-1.63287476053518,-1.44592149417617,-0.215406986484901,1.80750684464782,0.404319328089116,-0.188091205576883,0.310278811617827,-0.33084183554768,0.0141198086178836,0.185330195161397,-0.0290188303333239,-0.122161966438772,-0.0816599299326981,0.190711577276514,-0.119029519225456,0.121289895003512,-0.0215399787548628
138,-0.474911846314609,-1.60225834331657,-1.47806241409515,-0.214579558748029,1.82666290744657,0.401305733349217,-0.200813512309746,0.302012823713699,-0.312070774805027,0.0025305614679786,0.197955017999593,-0.0312933608131457,-0.132197419583188,-0.0838474624010043,0.185041440770056,-0.112916085178609,0.131120333865697,-0.0239553974549638
139,-0.495672284740869,-1.57248181959608,-1.50835243456022,-0.214880831923939,1.84713172918237,0.398052039009097,-0.214573802259831,0.293458318363314,-0.293804055947937,-0.0084570528625424,0.211596144554641,-0.0338265803558863,-0.142902855930951,-0.0873932241408081,0.180561859778133,-0.106975104315447,0.141596855171705,-0.0267159214434251
140,-0.51786337265662,-1.54358073521051,-1.53683642085221,-0.216251336239763,1.86901809184764,0.394530552588147,-0.229436839215402,0.284482314590265,-0.275933849969552,-0.0188554642989324,0.226315687521801,-0.036655959934861,-0.154228507581386,-0.0922428876171943,0.177059273172297,-0.101119729106099,0.15266446370929,-0.0298814487907535
141,-0.541598348231154,-1.51560367224726,-1.56354945916211,-0.218632491554189,1.89243264498,0.390709514390592,-0.245460354572833,0.274957021555143,-0.258371830484393,-0.0286708359041099,0.242168166707889,-0.039825585323438,-0.166082364627174,-0.0983450505001315,0.174354701694052,-0.0953111607986771,0.164225145859565,-0.0335246083552932
142,-0.566995674016436,-1.48861172545423,-1.58851865106037,-0.221966229337209,1.91749090968331,0.386552366985166,-0.262690185043036,0.264760116395947,-0.241046210926923,-0.0379081357084995,0.259195557019911,-0.0433875941623349,-0.178317354507518,-0.105640047854211,0.172294518499191,-0.089564517953191,0.176124803038302,-0.0377341313383162
143,-0.594177547913158,-1.4626778946365,-1.61176465317356,-0.226195157773136,1.94431171895393,0.382016862329704,-0.281154039988885,0.253776151567854,-0.223899570105665,-0.0465769908421088,0.277420938156424,-0.0474040049712843,-0.190716886751985,-0.114048475873929,0.170743714451235,-0.083958518375532,0.188138479993133,-0.0426193595513477
144,-0.62326771683716,-1.43788627798778,-1.63330302977757,-0.231263367144528,1.97301494719359,0.377053960934539,-0.300853775995707,0.241899138976951,-0.20688725556225,-0.0546987016838825,0.296840614744636,-0.0519490741069129,-0.202979675767045,-0.123459117932406,0.169580943699843,-0.078648922111929,0.199954763039994,-0.0483163569586567
145,-0.654244324177318,-1.41443356247019,-1.65306034582984,-0.237090102014033,2.00357620023522,0.371632040826079,-0.300572161681211,0.214076920522978,-0.177592122428145,-0.0581985643290097,0.296516786839067,-0.0533450810926942,1.35363326981661,-1.21819106543895,1.06183106013538,0.233424423753851,-1.33594270296103,0.225282026300153
146,-0.677105742391242,-1.398852736246,-1.66585197834018,-0.241590945685591,2.02612736208403,0.367530770035315,-0.153073728191672,0.0997710291364623,-0.081051785927368,-0.0305888081249383,0.150983161909908,-0.0277623425207454,1.56946561582516,-1.08392549339087,0.891947298171401,0.307944495129673,-1.54822739088936,0.280380981000165
147,-0.684375031707988,-1.39413862481984,-1.66967080436798,-0.243056172231752,2.03329712200523,0.366207739171686,0.0106857612982991,0.009042483787224,-0.0078651215134,-0.0003173298491879,-0.0105507208016073,0.0019808045377718,2.00677693821986,1.69807008215599,-1.47693202035389,-0.0596389620067776,-1.98141687206908,0.371982870255416
148,-0.673160039265872,-1.38475636423449,-1.67778528026796,-0.243436697119171,2.02222340052973,0.368275339809337,0.215674847887768,0.178376478950511,-0.153395711704479,-0.0082111423332903,-0.212966800769431,0.0395472759460408,2.12857834570063,1.68468890469224,-1.41634673754568,-0.113701630583478,-2.10217470188588,0.382393325876407
149,-0.640428155399864,-1.35855329594227,-1.69995955828782,-0.245046484848206,1.98989877016046,0.374186885445091,0.445196901724321,0.344983385373211,-0.287221004241764,-0.0265378763148173,-0.439707131304416,0.0792223371883746,2.50114616146921,1.64268250082317,-1.24533866483009,-0.26585512968548,-2.47159067563338,0.414611041165629
150,-0.593474639587944,-1.3237625492205,-1.72829598830252,-0.248448760150494,1.94351727836297,0.382379435777829,0.488069630514374,0.345820629305544,-0.275429209755951,-0.0411013042562711,-0.482192809879305,0.0835608082842754,0.378991808071077,-0.0453698434521865,0.159778852667242,-0.140806325880039,-0.37579994021289,0.0335495079645045
151,-0.542717885243635,-1.28942065833923,-1.755040266143,-0.253259039441531,1.89336465094146,0.390910126956478,0.527599621949132,0.340878295262317,-0.25945641957017,-0.0550642099585637,-0.521388963885631,0.0871229028326333,0.411019255769363,-0.053685566894307,0.159767260668603,-0.138405174056087,-0.407531323578236,0.037737849652969
152,-0.487848044558702,-1.25561857768426,-1.78018643656969,-0.259452562420308,1.839133898811,0.399819377871742,0.570324723360609,0.334984259859951,-0.243458870457473,-0.0687554241503737,-0.563747670478815,0.0911464645166468,0.442652784406472,-0.0644088763464001,0.160248245646491,-0.135360476360404,-0.438808888622855,0.0427926617916213
153,-0.428550444660628,-1.22246408250643,-1.80372972346462,-0.266998692269223,1.78051392708647,0.409158006836501,0.616117215183444,0.327880725485114,-0.227392122187967,-0.0821032394941723,-0.609134530667247,0.0957284044891142,0.472039080220421,-0.0778808701137057,0.161127843739062,-0.131531036388979,-0.467765276416066,0.0489223755672577
154,-0.364533815935446,-1.1900925016849,-1.8256613722374,-0.275858953573234,1.71721778806937,0.418987643572342,0.664622625063896,0.319273812991917,-0.211221013570699,-0.0950230345930193,-0.657186814760677,0.100988824304759,0.496479314456177,-0.0944788422388986,0.162314055777449,-0.12680222687949,-0.491684127990832,0.0563823964023144
155,-0.295557537203567,-1.15867047414939,-1.84596957115355,-0.285985909016049,1.64901010246879,0.429383291787116,0.715165124664498,0.308830986992437,-0.194919559514056,-0.107421024960467,-0.70721848683531,0.107075955722367,0.512237612347033,-0.114592854295631,0.163715122875205,-0.12110927891832,-0.506808119758728,0.0654792257994071
156,-0.221469205287253,-1.12839980993194,-1.86464036980576,-0.297322548807253,1.57574484394057,0.440436397861242,0.766636933461203,0.296181934104949,-0.178470984736714,-0.119200991151973,-0.758109208251715,0.114171240859885,0.514426812868229,-0.138578587343202,0.165238527007047,-0.114474007651189,-0.508224644053867,0.0765684565695243
157,-0.142253555130384,-1.09952096979253,-1.88165860443241,-0.309802565428346,1.49741451349693,0.452258399472153,0.817385263948091,0.280925940407443,-0.161867811053144,-0.13027555585221,-0.808190909654702,0.122493643480153,0.497095345423804,-0.166672684015406,0.166790953363694,-0.107059401697585,-0.489953377912411,0.0900403542318656
158,-0.058091678301122,-1.07231529901161,-1.89700882996841,-0.323352063989264,1.4142096440621,0.464984600534721,0.865125853047565,0.262650319370299,-0.145111881068702,-0.140583963452793,-0.855161083756998,0.132301501712611,0.453699260787588,-0.198854996547371,0.16827967307069,-0.0992447694302262,-0.445420407625519,0.106283767575641
159,0.0305744105641756,-1.04710462308586,-1.91067624420272,-0.337893458644293,1.32658366295448,0.478777999430799,0.906932471233457,0.240965799475495,-0.12821414027469,-0.150118300141229,-0.896072369927668,0.143889192874442,0.378171047085596,-0.234648000258034,0.169616099752121,-0.0917174429015676,-0.36853132115322,0.125617296262232
160,0.12298273020297,-1.02424620356388,-1.92264756733993,-0.353352457216721,1.23531219790199,0.493832371350911,0.939370022296207,0.215564766019193,-0.111193909807283,-0.158958992050839,-0.927466297139681,0.157574867933011,0.266712368549138,-0.272866789850556,0.170722532066611,-0.0855615865189701,-0.255471027672205,0.148179737019416
161,0.214082678001507,-1.00488761148794,-1.93252437543216,-0.368983190057676,1.1454081707407,0.509662400097203,0.768143722029704,0.150352724094447,-0.0759705329942643,-0.13384024586374,-0.757670691876301,0.138636594282137,-4.51731507551201,-1.10308181370833,0.567129622404676,0.747640976582614,4.46310304060649,-0.71724801774592
162,0.268045506909557,-0.994854380261883,-1.93757607087684,-0.378489326122685,1.09220016642926,0.519655643542653,0.309557553292617,0.0545245366770694,-0.0273755609871484,-0.0551745858952219,-0.305111159895442,0.058875311454695,-4.61782026050606,-0.849703471593958,0.427241358408756,0.814761642672752,4.55297077332204,-0.858559047006737
