tau1,tau2,tau3,tau4,tau5,tau6
-0.0794093948148116,-9.9213176663969,37.2135092527316,1.38954613747528,-0.0803921686366788,-0.0311636564037894
-0.545250480370024,-10.4979830424725,37.1072688390075,1.36867618876182,-0.0842952251064983,-0.0294186221154263
-0.98078816305461,-10.765409533267,37.023099706316,1.34551487167458,-0.0880034430031701,-0.0275970609036195
-1.33969295453329,-10.7152348157613,36.9639371810242,1.32159501744554,-0.0915269592309414,-0.0257005707471274
-1.5900627571163,-10.3519009614258,36.9305942919134,1.2986883665897,-0.0948757548094026,-0.0237317428301383
-1.72131878096597,-9.69187649012864,36.9218082603682,1.27844230566363,-0.0980651815329482,-0.0216947420571283
-1.74338965395526,-8.76076973720773,36.9346680415568,1.26209072389625,-0.101123326410489,-0.0195953148285969
-1.67979674982103,-7.58941638712641,36.9652456193776,1.25032810291226,-0.10409746439146,-0.0174403432349919
-1.55886703267814,-6.2101418926058,37.009237816647,1.24335200724188,-0.10705665395864,-0.0152372538049469
-1.40677898018942,-4.65394377926788,37.0624848768345,1.24101241981881,-0.110088941773636,-0.012993538885112
-1.24391447339628,-2.94876906455956,37.1213091692822,1.24298732358278,-0.11329374052936,-0.0107164875380107
-1.08407589404664,-1.11871140802997,37.1826762134397,1.24892431666558,-0.116771542274616,-0.0084130964932852
-0.935373849144889,0.816147141818062,37.2442135176348,1.25852268579926,-0.120613607422606,-0.00609008732439873
-0.80171318204006,2.83949541753417,37.3041354963564,1.27155925577523,-0.124893749814511,-0.0037539659540186
-0.684234134586943,4.93833958648423,37.361120958048,1.28787646644529,-0.129663327366664,-0.00141108645120052
-0.582444682226777,7.10246988179408,37.414179084673,1.30735363244354,-0.134949550926445,0.00093229766553233
-0.495005431855788,9.32393647920499,37.4625261198018,1.32987734091688,-0.140756535497565,0.00326999906070682
-0.420225540409366,11.596585672876,37.5054826521945,1.3553196517913,-0.147068207823011,0.00559587793999483
-0.356350808248454,13.9156776908933,37.542392778892,1.38352658736913,-0.153852178108714,0.00790383599230797
-4.01700516699785,26.6501324411931,37.7094464542356,1.30630194063546,-0.192680548243465,-0.0449010505446709
-3.72029510053479,28.3820718556278,37.6925090719526,1.31253629118416,-0.198164631383212,-0.044522660981836
-7.86674235824053,13.9607437255255,36.5184102977769,1.02667844913753,-0.184590518429179,0.0128103684357677
-7.66297559914644,14.2098571055609,36.5463662309543,1.07155706957482,-0.180378687777019,0.0128310943681146
-2.18166080489609,18.0213136511973,37.2670455612049,1.39126021465722,-0.158353687898233,0.0113885447535917
0.552228954496801,21.5614695219395,37.6739766944218,1.46549873143882,-0.137059612669685,0.0105506223448128
0.558436646978228,23.4483148231306,37.7150270923793,1.42569212832175,-0.124515111252067,0.0105441430194123
0.55345450063001,25.4397200438065,37.7576911537284,1.39492531976186,-0.113825933734418,0.0105378743677726
0.539536589926314,27.525583195379,37.7991985469766,1.37042834518281,-0.104607027626996,0.010531763844886
0.51883108376399,29.6970665280142,37.8378045230821,1.35034723771519,-0.0965715216109928,0.0105258289377887
0.493273589435947,31.9462990750339,37.8724351048193,1.33342109513065,-0.0895019071286008,0.0105201149856937
0.464536071158301,34.2662014386293,37.9024621124038,1.31878152776467,-0.0832305840126909,0.0105146708742668
0.434013461117084,36.6503750381443,37.9275497488877,1.30582452129058,-0.0776264906961129,0.0105095362056952
0.402834823350191,39.0930252910482,37.947542721886,1.29412660350587,-0.072585752633317,0.0105047355952627
0.371889131413794,41.5889026836531,37.9623795807444,1.28338892277739,-0.0680250307352955,0.0105002772155779
0.3418586257005,44.1332528731352,37.9720217469372,1.27339935695665,-0.0638767141075288,0.0104961535888982
0.313254949889961,46.7217704365069,37.9763921154881,1.26400651815128,-0.0600853944934445,0.0104923434186944
0.286455353353404,49.3505519143614,37.9753187008023,1.25510174283225,-0.0566052445656498,0.0104888136008013
0.261737716926508,52.0160433756175,37.9684793629057,1.24660651799396,-0.0533980440590956,0.0104855209226588
0.23931455032555,54.7149757310097,37.9553434797883,1.2384636512366,-0.05043167700751,0.0104824130778711
0.219367413928182,57.4442765987659,37.9351055537646,1.23063104185053,-0.0476789768331577,0.0104794286504925
0.202084825159324,60.2009389986777,37.9066039780624,1.22307727329135,-0.0451168334007459,0.0104764956548526
0.187709362924896,62.9818099920494,37.8682150145377,1.21577848815987,-0.0427255023203441,0.0104735279055156
4.18752598958843,77.598126536374,39.1787977922929,1.49056775235482,-0.0144464282803093,0.00794637064138856
4.09459559803652,78.8777327688595,39.1711503087016,1.48626945335717,-0.0136413471940313,0.0079546382236932
4.12417873845819,78.3659891074219,39.1715768656234,1.48799137142643,-0.0140318541247207,0.00795555684056906
4.28106680648445,76.0996338601646,39.1784533614709,1.49605056227958,-0.0156516847774994,0.00795091137108905
0.195025250395106,61.387169095305,37.8919302986401,1.21990042475735,-0.0440786802998364,0.010475869922578
0.211026049436066,58.6200593400752,37.9244008434572,1.2273472487895,-0.0465664943537276,0.0104788817459941
0.2298008619267,55.8789435698321,37.9479873955041,1.23506057282495,-0.0492359286968201,0.0104819140082846
0.251142061348696,53.1668755327999,37.964032306132,1.24306845863511,-0.0521085997560069,0.0104850448279462
0.274869016461398,50.4868905581454,37.9734807650247,1.25140804475708,-0.0552098520067769,0.0104883402155563
0.300786765211283,47.8421672565409,37.9769709505121,1.26012937236569,-0.058569561027684,0.0104918562486207
0.328650395379123,45.2361322007717,37.9749056462177,1.26930075927993,-0.0622231690071246,0.0104956394503159
0.358131029118959,42.672533523378,37.967513201127,1.2790163879093,-0.0662130267291007,0.0104997258516613
0.388781270475015,40.1554978496437,37.9549034519105,1.28940707673894,-0.0705901482010781,0.0105041390510066
0.419999417686047,37.6895789296101,37.9371230040095,1.30065565784507,-0.0754165289364795,0.0105088874949399
0.450993017854737,35.2798034624925,37.9142138087236,1.31301908657825,-0.0807682461610108,0.010513961269336
0.480743794220876,32.9317184040025,37.8862791875561,1.32686051289451,-0.0867396596795774,0.010519328810821
0.507977754991882,30.6514444422071,37.8535625344748,1.34269632836675,-0.0934491861122647,0.0105249341674495
0.531146501126124,28.4457425028826,37.8165463807735,1.361266164302,-0.101047358232471,0.0105306957066982
0.548428342048799,26.3221053200668,37.7760844847373,1.38363888898111,-0.109728258925771,0.010536507495729
0.557760878450304,24.288896779439,37.7335895773464,1.41137663972704,-0.119746024019863,0.0105422448237524
0.556920608249267,22.3555822491565,37.6913196852586,1.44679541319788,-0.131439085765452,0.0105477752513366
0.54367184270545,20.5331301724934,37.6528484671018,1.49339207448335,-0.145266410332828,0.0105529757049696
-7.44711623918305,14.4118364358786,36.5686159725153,1.10988413100341,-0.176386785200363,0.0128498676653061
-7.81809977215191,14.0125005539193,36.5256271116156,1.03797284160538,-0.183591490850365,0.0128158143022315
-3.66173588467164,28.7480745352489,37.686506871192,1.31387757058276,-0.199352618346342,-0.0444548065782695
-3.84940945652275,27.5380101531719,37.695802195585,1.3086830609509,-0.195430163036868,-0.0447244012995764
-0.330747258514423,14.9212965005156,37.5564232971487,1.39638743930699,-0.156881780990637,0.00888423458092076
-0.390325006149551,12.5837264950847,37.522340045077,1.36706088428032,-0.14990920424299,0.00658562978310825
-0.460053798021386,10.2909667725155,37.4819320132204,1.34042739405877,-0.143391242158288,0.00426649506151696
-0.54166169169628,8.047254879914,37.4358661125423,1.31665358883514,-0.137366051246353,0.00193290577581324
-0.63689399983778,5.85810272326379,37.3848038306103,1.29587768512792,-0.131857244631714,-0.000409026291258903
-0.747293537046642,3.73064091921161,37.3294731381784,1.27821664432173,-0.126869837701398,-0.00275315382180062
-0.873806954644085,1.67404665193739,37.2707610150954,1.26378337558829,-0.122386820793125,-0.00509328305365351
-1.01613821070941,-0.299956266949298,37.2098277784503,1.25271351225257,-0.118367194179579,-0.00742314607350314
-1.17177451384257,-2.17656204536609,37.1482376401718,1.24519611108466,-0.114746387969371,-0.00973635184118336
-1.33466764255449,-3.93738365004191,37.0880891496647,1.24149552221764,-0.11143982348019,-0.0120263157329686
-1.49371527716089,-5.56010210497194,37.0321157502099,1.24194507319048,-0.108349844781321,-0.0142861787375992
-1.63149945684909,-7.01842535091987,36.983714176365,1.24689165427863,-0.105375351837189,-0.0165087490631959
-1.72417243836004,-8.28257548120131,36.946852119435,1.25657935220629,-0.102422394776241,-0.0186865284088309
-1.74370162915916,-9.32057378130081,36.9258121240892,1.27098348908554,-0.0994131821385583,-0.02081190550106
-1.66339227005823,-10.100566838894,36.9247516932567,1.28964041195372,-0.0962909812668705,-0.022877574550265
-1.46619192031389,-10.5942086105332,36.9471062577895,1.31154828934907,-0.0930196002752884,-0.0248771303984074
-1.15299293200119,-10.7806191676848,36.9949328240144,1.33521511091899,-0.0895782231964606,-0.0268056265455362
-0.746592099298547,-10.649876082327,37.0683665198758,1.35888287211328,-0.0859542232307551,-0.0286597785873482
-0.288156013429149,-10.2048131635593,37.1653876763724,1.3808739110438,-0.082136983320646,-0.0304376034655232
13.2238895300416,-9.93339159747498,37.6867265021282,1.49745581310414,-0.0410624996597851,0.0235913014168993
13.0620022364115,-7.18110041975924,37.9310802402094,1.46133572072678,-0.0345134163806365,0.0212962632844321
12.8794921222528,-6.232083431441,38.0119957539899,1.4472468945787,-0.0322263090635004,0.0204951789111822
-13.472050585376,-7.22363934121212,37.8023600288026,1.22810220375349,-0.141881162170712,-0.0316333999459503
-12.5070224725786,-8.37847433645024,37.6638761010705,1.27233374205541,-0.134614494240435,-0.0315089995843143
1.29703345625105,-5.78955678668519,37.4851881766186,1.37716182716358,-0.0480674398413803,-0.0352913124898769
1.54302396439273,-3.93824721097866,37.5624908551985,1.33241747678523,-0.0380138250824762,-0.0352913367578129
1.67465578046411,-1.89805036576488,37.6400608391607,1.28580605441389,-0.0287631737060167,-0.0352989562035992
1.71196426494162,0.297851075076929,37.7137876132557,1.23850907425428,-0.0202043622150142,-0.0353114187235257
1.67874015978798,2.62175287836017,37.7810268600899,1.19162659079232,-0.0122421232007547,-0.035326187614668
1.59754054483881,5.05119824196551,37.8403605341413,1.14606984672177,-0.00479501167943018,-0.0353413030591166
1.48720086872308,7.56825688599045,37.891296986049,1.10252395929425,0.00220635037201188,-0.0353554594415346
1.3621258644933,10.158672086806,37.9339865978982,1.06145558725263,0.00882079824270973,-0.0353679209407987
1.23258356992387,12.8110672002161,37.9689850847255,1.02314365209565,0.0150980007110153,-0.035378377212829
1.10542826995124,15.5162877034971,37.9970704615956,0.987717937057211,0.0210797300451988,-0.0353867999425853
0.984910081695891,18.2668899948282,38.0191075527363,0.955196778270224,0.0268010309537239,-0.0353933267848223
5.99769792670361,30.0055691374091,38.2703961744893,1.13006518706742,0.111396926201461,-0.0397311309005884
5.23991931327949,32.0504819783183,38.2859497611813,1.10351861562753,0.114612202531291,-0.0397476599963464
6.69844816366274,14.4007267637943,37.5770369243213,0.664054345951457,0.0681261059834901,-0.0371325507140168
6.48609818174869,14.7307468851096,37.5750677953646,0.671741690365061,0.066762514710002,-0.0371301608891257
-0.385227515176926,25.0578376553043,38.0606902093168,0.91227476380634,0.0315000992901942,-0.0353991840812822
-0.353279675563936,27.0150147765249,38.0751183008482,0.92805061598715,0.027856160423553,-0.035402186240783
-0.320779620815221,29.0671596608097,38.0877661789735,0.943089475330149,0.0245315423574033,-0.0354046178196134
-0.288640117486702,31.2060564584719,38.0985080287392,0.95734644145822,0.0214888325785946,-0.0354065284689651
-0.257504510247161,33.4241184446002,38.107266230189,0.970806650428039,0.0186960205539934,-0.0354079754289383
-0.22778867948508,35.7143882160929,38.1139747694692,0.983476484897936,0.0161255683804295,-0.035409018453083
-0.199723959219133,38.0705235012179,38.1185433059975,0.995376904894254,0.0137536678158988,-0.0354097162585536
-0.173396377523458,40.4867727488351,38.1208219633349,1.00653844677907,0.0115596407828341,-0.0354101241832968
-0.148779735036968,42.9579431548765,38.1205664308675,1.01699752371188,0.00952545146344168,-0.035410292738971
-0.125761432769847,45.4793622428922,38.1174024456239,1.02679372997457,0.00763530570028935,-0.0354102667639325
-0.10416068524034,48.0468326032155,38.1107881446104,1.03596791268921,0.00587531935568439,-0.0354100849389446
-0.0837389555117798,50.6565773538341,38.0999720611274,1.04456082370116,0.00423324119191245,-0.0354097794520088
-0.0642021309538465,53.305170841625,38.083943560273,1.0526122055672,0.00269821889784069,-0.0354093756189397
-0.0451931205309775,55.9894440043363,38.0613710746468,1.06016020073272,0.00126059870271014,-0.0354088912423634
-0.0262718663869476,58.7063442971657,38.0305212420855,1.06724099922229,-8.82501095346376E-05,-0.0354083354071513
-0.00687658696368547,61.4527117644568,37.9891483400043,1.07388866523486,-0.00135609471943058,-0.0354077062306933
0.0137462145161913,64.2248950130181,37.9343370279652,1.08013510389096,-0.00254999354038571,-0.035406986680154
-5.20686722114568,80.0984951266668,38.7338979808188,1.37232305419475,-0.0355480587493916,-0.0336858235255714
-5.23909865178001,82.5499251766228,38.7210130770331,1.37748318895185,-0.0361746632825438,-0.0336805207702561
-5.25080596857148,83.2017415747479,38.7148404050614,1.37882188259073,-0.0363128918694468,-0.0336782970266108
-5.22641773183137,81.9710632404362,38.7197278872946,1.37641562485341,-0.0359804786603612,-0.0336795273178323
0.0302343444988277,66.1375037023518,37.8876175109735,1.08415779658259,-0.00332432432003318,-0.0354075976520411
0.00806593012192669,63.3508544183033,37.953709374436,1.07818057427568,-0.00217726166273689,-0.0354083036713393
-0.0121478608607603,60.5867434462406,38.0038815084917,1.07182017278267,-0.000960685099875447,-0.0354089416045892
-0.031372715322774,57.8495890904058,38.0416310503348,1.06504701648631,0.000332050068316118,-0.0354095318195814
-0.0502994290660638,55.1428647707228,38.0696386057603,1.0578290853624,0.00170819307859661,-0.0354100795452988
-0.069450909909811,52.4696855562323,38.0899721935752,1.05013199855419,0.00317575503059389,-0.0354105794718166
-0.0892415623534047,49.8331349054565,38.1042270082624,1.0419191626379,0.00474366128519796,-0.0354110182072699
-0.110009842753628,47.2364590829506,38.1136249268128,1.0331520377226,0.00642191348715755,-0.0354113756165785
-0.132034234170594,44.6831914503524,38.1190882660487,1.02379058013517,0.00822177067451192,-0.0354116255523839
-0.155537690254326,42.1772384494614,38.1212969778391,1.01379393773748,0.0101559582977467,-0.0354117363077903
-0.180682979653324,39.7229439225821,38.1207353267476,1.00312149280822,0.0122389136476704,-0.0354116709952507
-0.207559948822777,37.3251406002735,38.1177321593458,0.991734376741376,0.0144870777474061,-0.0354113880388172
-0.236165039643936,34.9891931829058,38.1124976161074,0.979597615480377,0.0169192459617154,-0.0354108419691749
-0.266373235610871,32.7210347853369,38.1051582618866,0.966683108125495,0.0195569929095143,-0.0354099847408233
-0.29790296351215,30.5271966677527,38.0957919511281,0.952973693657721,0.0224251917022296,-0.0354087678245854
-0.330275362595584,28.4148296851468,38.084463190953,0.938468624246185,0.0255526542471988,-0.0354071453889596
-0.362770959616536,26.3917143207475,38.0712592635595,0.92319083605946,0.0289729276005373,-0.0354050788801384
6.17663044069333,15.2475282711106,37.5764078281994,0.681512426234339,0.0646153259659225,-0.0371018494658453
6.57426544958315,14.5692513078036,37.5769729311471,0.668238959263605,0.067283039243042,-0.0371196566287765
5.08110861722004,32.4964045452448,38.2878154518144,1.09806391875981,0.115270553246108,-0.0397514806958628
5.38775478338151,31.594165764524,38.2791546238052,1.10924010653258,0.113760622373634,-0.0397484445252246
6.35702276160276,29.0250626394532,38.2543314595131,1.1437951190626,0.109523331154535,-0.0397309389341847
1.01962416013174,17.4011954306867,38.0131614811049,0.965102837885501,0.0250171606688465,-0.0353924885413205
1.14252663172339,14.6644562984468,37.989381581044,0.998534260020412,0.0192181096213848,-0.0353852315152761
1.2710515593013,11.9752923305546,37.9592897302071,1.034873909802,0.0131490258507649,-0.0353759301085375
1.40025835849502,9.34162611700505,37.922035584291,1.0740718887625,0.00677314696368404,-0.0353644642956623
1.52236499957939,6.77323064103452,37.8768923984356,1.11595532848756,4.66867152159032E-05,-0.0353509164185736
1.62593952892717,4.28228359773714,37.8234057908413,1.1601897664959,-0.00708239408933794,-0.0353357047978513
1.69525806590046,1.88406980160252,37.7615925424011,1.20624180782176,-0.0146757504456058,-0.0353197435838088
1.71023630037463,-0.402194629889165,37.6921930400692,1.25335372438178,-0.0228061784679923,-0.0353045922893643
1.64757861069176,-2.55252159068283,37.616965216148,1.30054740310705,-0.0315593645321061,-0.0352925170378797
1.48394632568677,-4.53753152371835,37.5389765389297,1.34668124735753,-0.0410359194306677,-0.0352863409377283
1.20175021477504,-6.32246952806306,37.4628029085289,1.39058424301334,-0.0513536203191416,-0.0352889505198098
-12.9226198312662,-8.01297021235575,37.7125153724045,1.25641322169466,-0.137165037846398,-0.0315425455222737
-13.5790104655969,-7.01897136501991,37.8266770001022,1.21971103288679,-0.143161854993753,-0.0316441481282368
